No,Judul,Genre,Penulis,Sinopsis,Tahun Terbit,Halaman,Rating,Mood Utama,Mood Pendukung1,Mood Pendukung2,Cover
1,Malioboro at Midnight,Romance,Skysphire,"Tengah malam bagi kebanyakan orang adalah waktu terbaik untuk beristirahat dan tidur lelap. Tapi untuk Serana Nighita, itu adalah waktu untuk menangisi hidup dan meratapi hubungannya dengan sang penyanyi terkenal, Jan Ichard. Popularitas membawa lelaki itu jauh darinya, Ichard di Jakarta, meninggalkan Sera di Jogja. Bagi Sera, tengah malam selalu menakutkan. Namun, semua berubah setelah Malioboro Hartigan tidak sengaja mendobrak pintu kamarnya pada sebuah malam. Malio datang dan menawarkan pertemanan agar Sera tidak sendiri, agar Sera bisa berbagi sedihnya. Lantas bagaimana dengan hubungan Sera dan Jan Ichard yang semakin rumit? Dan benarkah tanpa sadar, Malio sudah menjadi 'Midnight' terbaik Sera?",2023,436,"4,16","Sad
",Hopeful,Heartwarming,covers/malioboro_at_midnight.jpg
2,Satine,Romance,Ika Natassa,"“I just need a proper date.” “Saya cuma butuh teman bicara.” Ada yang bilang hidup yang tertata sempurna ibarat makanan yang dikemas rapi. Semuanya tersusun pada tempatnya, cantik. Lalu, tanpa disangka terjadilah satu peristiwa, kemasan itu tersenggol, dan isinya berserakan di lantai. Hidup yang selama ini dikenal Satine runtuh saat ia menyadari dirinya tidak lebih dari sekadar perempuan kesepian. Dalam kenekatan seseorang yang selalu bisa menyelesaikan apa pun dalam hidupnya, Satine menemukan solusi yang mempertemukannya dengan lelaki asing, Ash. Hubungan yang mereka mulai dengan keterikatan kontrak di atas kertas dan harus tunduk pada aturan, ternyata tunduk pada gejolak perasaan mereka sendiri. Lalu terjadilah peristiwa demi peristiwa yang menghadirkan pertanyaan: “Jika semua hal di muka bumi ini diatur oleh takdir, apakah pertemuan dan perpisahan juga harus takluk pada takdir?”",2024,336,"3,64",Emotional,Heartwarming,Hopeful,covers/satine.jpg
3,Musim yang Tak Sempat Kita Miliki,Romance,Tsana,"Rani bekerja sebagai editor di sebuah kantor penerbitan. Dia suka dengan kehidupan dan dunia kecilnya yang tenang di pengujung usia 20-annya, meski terkadang rekan kerjanya suka mengusiknya. Suatu hari, proyek besar datang dari perusahaan parfum lokal yang berniat merilis produk baru lewat buku. Rani yang sudah lama bermimpi menerbitkan buku pertamanya, akhirnya mendapatkan kesempatan. Tetapi, proses pengerjaan naskah itu membawa Rani kembali pada seseorang dari masa lalunya. Seseorang yang menjadi alasan pertama Rani ingin menulis. Apakah Rani berhasil merampungkan naskahnya? Atau dia justru semakin terjerat masa lalunya?",2025,272,"4,08",Emotional,Reflective,Hopeful,covers/musim_yang_tak_sempat_kita_miliki.jpg
4,3726 MDPL,Romance,Nurwina Sari,"Selain disibukkan dengan skripsi, Rangga, Ketua Panitia OSPEK Fakultas Kehutanan 2023 itu juga menyibukkan dirinya dengan mengagumi Andini. Seorang mahasiswi yang bercita-cita bisa mendaki Gunung Rinjani, sekaligus adik tingkat yang ia sebut sebagai manusia favorit. Andini dikelilingi oleh banyak cinta, banyak manusia yang ingin dengannya, terutama Rangga dengan seluruh kesan istimewanya. Namun, dalam dirinya, ada manusia dulu yang entah masih jadi pemenang atau definisi lain dari itu.",2024,280,"4,03", Emotional,Reflective,Hopeful,covers/3726_mdpl.jpg
5,Metropop: The Architecture Of Love,Romance,Ika Natassa,"New York, the city that never sleeps. Seperti istilahnya itu, New York juga menjadi kota dimana orang-orang mencoba untuk tidak henti-hentinya berjuang.
Mereka berjuang mencari jawaban akan kepastian
Mereka berjuang membalikkan nasib hidup jadi lebih baik
Mereka berjuang menggapai mimpi agar tak hanya jadi angan saja dan
Mereka juga berjuang menemukan inspirasi tuk terus berkarya.

Raia adalah salah satu dari mereka yang mempertaruhkan masa depannya di New York. Kota Big Apple itu bak labuan hatinya untuk keluar dari kebuntuan inspirasi setelah bercerai. Raia sudah sekian bulan belum memenuhi laptop dengan draft-draft berisi tulisannya. Sampai dia memutuskan untuk terbang ke New York. Berharap mendapatkan inspirasi sepadan untuk membuat karya baru. Dua bulan di New York sudah berlalu. Raia masih saja tetap terjerat dalam situasi terberat para penulis sepertinya, yaitu writer’s block.

Hingga dirinya bertemu dengan River. Seorang pria yang terbilang pendiam, tidak banyak omong. Selalu saja berkutat dengan buku gambarnya. Keduanya memutuskan untuk berkeliling kota New York bersama. Raia mencari inspirasi untuk tulisannya, River mencari inspirasi untuk gambarnya. Kegiatan itu pun jadi sebuah pola kehidupan sehari-hari mereka berdua. Dari situ Raia belajar untuk melihat kota tersebut dari sisi yang berbeda. Setiap tempat, dari isi bangunan sampai bangunan luarnya pun punya cerita. Baik itu cerita menyenangkan, maupun memilukan

Begitu pula dengan manusia. “Every person has at least one secret that will break your heart”. Mereka juga punya kisahnya sendiri. Mereka punya masa lalu masing-masing. Raia terkekang oleh perceraiannya. Pun dengan River. Apa yang dulu pernah terjadi pada masa lalu River? Dapatkah Raia dan River keluar dari bayang-bayang masa lalunya? ",2016,304,"4,05",Reflective,Emotional,Hopeful,covers/the_architecture_of_love.jpg
6,Bandung Menjelang Pagi,Romance,Brian Kharisna,"Bandung Menjelang Pagi menceritakan tentang sepasang manusia yang bertemu, memadu kasih, dan dipaksa untuk berpisah di Kota Bandung. Isinya sarat dengan kehidupan yang dijalani kelompok masyarakat yang kerap terlewatkan oleh penglihatan mata. Cerita yang penuh harap akan hidup yang Bahagia, tapi terpaksa menerima realitas, bahwa manusia boleh berencana, tapi tetap Tuhan yang menentukan takdir tiap hamba-Nya.",2024,304,"3,97",Sad,Reflective,Hopeful,covers/bandung_menjelang_pagi.jpg
7,Sarang De Chocolate: Toko Cokelat Misterius,Romance,Kim Ye-eun,"Sarang de Chocolate yang berlokasi di jalan kecil di tengah kota Seoul adalah toko cokelat yang istimewa. Han Ju-ho, pemilik toko ini, tidak hanya menjual cokelat buatannya sendiri, tetapi juga menawarkan layanan konsultasi cinta. Ia mendengarkan kisah cinta sepihak atau cinta pertama para tamunya, lalu ia akan dengan tulus memberikan saran serta cokelat yang sesuai dengan kisah masing-masing tamu. Sementara Ju-ho berusaha mencari arti cinta yang sebenarnya melalui kisah jujur dari para tamu dengan kepribadian yang berbeda-beda, cinta pertamanya sendiri mendadak muncul kembali di hadapannya. Lalu, pria itu mulai bercerita tentang perpisahannya dan bagaimana ia masih tidak mampu melupakan mantan kekasihnya. Apakah para tamu Sarang de Chocolate, yang mengalami cinta sepihak yang pahit dan menyiksa, akan berhasil mewujudkan cinta mereka setelah mencicipi cokelat buatan Ju-ho? Dan apakah Ju-ho akan berhasil menyatakan cinta kepada pria yang masih memenuhi hatinya selama ini?",2025,232,"3,09","Heartwarming
",Hopeful,Emotional,covers/toko_cokelat_misterius.jpg
8,Metropop: Penaka,Romance,Altami N.D.,"Pernikahannya memang baru berumur dua tahun, tapi Sofia sudah mau menyerah saja. Suaminya tidak hanya kecanduan game online, tapi juga super berantakan. Laksana bahkan beberapa kali membahayakan anak mereka tanpa sadar. Ngawur! Karena tidak mau terjebak lebih lama, Sofia minta cerai. Ia bertekad mewujudkan impiannya agar tidak lagi merasa ketinggalan dari orang-orang di sekelilingnya. Namun, sehari setelah berikrar siap menjadi single parent, Sofia terbangun dan menyadari dirinya berubah menjadi... botol minum! Sofia panik. Situasi yang menyebabkan ia tiba-tiba berubah menjadi kucing, anjing, atau orang asing ini membingungkan. Apalagi ketika ia menemukan rahasia-rahasia tak terduga dari orang-orang terdekatnya. Lalu, bagaimana dengan rencana-rencana hidupnya? Bagaimana nasib anak semata wayangnya yang masih balita? Sofia harus segera menemukan cara untuk bisa kembali ke wujud asalnya.",2022,216,"4,29",Suspenseful,Happy/Funny,Reflective,covers/penaka.jpg
9,Brida,Romance,Paulo Coelho,"Semua orang memiliki “Takdir” yang harus dijalani. “Tapi bagaimana caraku mengetahui siapa Pasangan Jiwa-ku?” tanya Brida. “Dengan mengambil risiko kegagalan, kekecewaan, kehilangan arah, tapi tak pernah berhenti dalam pencarianmu menuju Cinta.” Brida, dua puluh tahun, melemparkan pertanyaan yang paling penting ke dalam hidup kita, “Apa yang kau cari dalam kehidupan ini?” Perjalanan yang mengisi jiwa untuk menemukan diri, dipenuhi cahaya yang mengagumkan!",2018,232,"3,51",Reflective,Inspiring,Hopeful,covers/brida.jpg
10,Bandung After Rain,Romance,Wulan Nur Amalia,"Bandung, romansa, dan Ra. Hampir di setiap sudut di Kota Bandung menggambarkan kenangan manis yang Hema lakukan bersama Ra—mantan kekasihnya. 6 tahun lebih memadu kasih, tidak lantas membuat hubungan Hema dan Ra berakhir indah. Nyatanya, hubungan mereka usai tepat sebulan sebelum hari jadi mereka yang ke-7. Kesalahan fatal yang Hema lakukan, membuat hatinya dipenuhi rasa penyesalan. Namun, Hema jadi sadar bahwa makna cinta bukan hanya tentang memberi apa yang diinginkan oleh pasangan, tapi juga tentang memahami, menghargai, dan berjuang bersama. Kalau kata Rania, “Bandung adalah kita. Dan, setelah hujan, ada cerita tentang kita.” Melewati hari-hari dengan seluruh perasaan gelisah, berjalan-jalan dibawah derasnya hujan di Kota Bandung, apakah hal itu cukup untuk mengembalikan Ra kedalam kehidupannya?",2024,284,"3,81",Sad,Reflective,Hopeful,covers/bandung_after_rain.jpg
11,Saman,Romance,Ayu Utami,"Empat perempuan bersahabat sejak kecil. Shakuntala si pemberontak. Cok si binal. Yasmin yang selalu ingin ideal. Dan Laila, si lugu yang sedang bimbang untuk menyerahkan keperawanannya pada lelaki beristri. Tapi diam-diam dua di antara sahabat itu menyimpan rasa kagum pada seorang pemuda dari masa silam: Saman, seorang aktivis yang menjadi buron dalam masa rezim militer Orde Baru. Kepada Yasmin, atau Lailakah, Saman akhirnya jatuh cinta?",2023,216,"3,69",Reflective,Emotional,Dark,covers/saman.jpg
12,Alster Lake,Romance,Auryn Vientania,"Cerita ini berawal dari kisah seorang perempuan bernama Alea yang meninggalkan bukunya di perpustakaan, yang kemudian seseorang menemukan buku itu. Alea menceritakan betapa sukanya ia pada karakter fiksi di buku Alster Lake karya Dean Bjorn. Namun ternyata seseorang yang mengembalikan buku itu adalah penulisnya sendiri. Memiliki ketertarikan yang sama tentang Jerman, Dean Bjorn jatuh cinta untuk pertama kalinya pada pembacanya itu. Ia menyatakan cintanya ketika mereka sedang berlibur bersama di Hamburg, di tepi Alster Lake, menggunakan surat cinta. Tentu saja Alea tidak menolak, karena dari awal ia sudah jatuh cinta pada karakter fiksi yang dibuat oleh Dean, yang ternyata karakter itu adalah dirinya sendiri. Seiring berjalannya waktu mereka menjalin hubungan, ada satu masalah yang membuat mereka tak lama kemudian mengakhiri hubungan itu. Dean yang hilang kabar karena sibuk mementingkan studinya ke Jerman, sedangkan Alea yang tidak memberinya waktu untuk menjelaskan apa yang terjadi sebenarnya. Mereka kembali menjadi dua orang asing. Tiba-tiba saat itu Alea menemukan judul buku yang tidak asing baginya, Alster Lake 2. Dimana buku itu menceritakan tentang seorang perempuan yang berarti bagi Dean. ketika membaca halaman terakhir buku itu, ia merasa buku itu tertuju pada dirinya. Dengan keberaniannya, ia berangkat ke Jerman dan mencari sosok laki-laki itu untuk menyelesaikan semuanya.",2021,320,"4,06",Emotional,Hopeful,Heartwarming,covers/alster_lake.jpg
13,Hilmy Milan,Romance,Nadia Ristivani,"Hilmy memang laki-laki yang sulit ditebak, Nggak tahu kapan dia bercanda dan kapan dia serius. Lihat aja E-mail permohonan untuk Milan menjadi pacarnya. Dengan hormat, Perkenalkan saya: Nama : Hilmy Ram Fahreza Umur : 21 Tahun Jenis Kelamin : Laki-laki Pendidikan Terakhir : Double Degree Manajemen Bisnis dan Pengelasan Dengan surat lamaran ini saya mengajukan permohonan sebagai pekerja di dalam pikiran Milan dan menjabat posisi sebagai pacar. Saya memiliki pengalaman pacaran yang tidak terlalu mumpuni, tapi bisa lah dicoba. Sebagai bahan pertimbangan, saya melampirkan beberapa berkas penting sebagai berikut: Curriculum Vitae Pas foto format .jpeg (1 file) Sertifikat tambahan Demikian surat lamaran pacaran ini saya buat. Saya berharap dapat diterima sebagai pacar pertama Ibu Milani. Hormat saya, Hilmy Ram Fahreza Ajaib. Untung ganteng anaknya. Kalau kamu jadi Milan, gimana? Terima aja nggak, sih? ",2021,280,"4,29",Happy/Funny,Heartwarming,Hopeful,covers/hilmy_milan.jpg
14,Rinduku Sederas Hujan Sore Itu,Romance,J.S. Khairen,"Hujan adalah janji setia langit kepada bumi. Tak perlu ditunggu, ia pasti datang. Kita terjebak pada hujan yang sama, tetapi tak bisa saling bicara. Membuatku terus menunggumu memutar badan dan melempar senyum kepadaku. Aneka rasa tumpah dari langit. Cemas dan rindu tak bisa kucegah. Rasa yang begitu besar, mengalahkan rasa lainnya. Jarak kita tak jauh. Namun, tak bisa bertatapan, apalagi berbicara. Rinduku sederas hujan sore itu. Menemukanmu Bukan di bias paling terang. Bukan pula di remang paling gelap. Bukan di keramaian. Bukan pula di sudut paling sunyi. Menemukanmu, tak perlu sedramatis itu. Karena engkau memang sudah disiapkan, oleh Sang Mahapasti. Menemukanmu, aku bingung. Ternyata, aku tak perlu mencarimu. Engkau sudah berdiri begitu saja, di sampingku. Untuk hadir menjaga terangnya hari. Merawat gelapnya malam. Melambaikan tangan di keramaian. Memeluk rapat di sudut kesunyian",2025,272,"4,17",Emotional,Heartwarming,Hopeful,covers/rinduku_sederas_hujan_sore_itu.jpg
15,Cinta Antara Jakarta & Kuala Lumpur,Romance,Tere Liye,"James adalah tipe cowok green flag, jomblo berkualitas tinggi. Pintar, lulusan kampus top luar negeri, punya pekerjaan dan karier yang cemerlang, tampan, baik hati. Dengan keluarga yang spesial. Masalahnya, dia pemalu, terlalu sibuk kerja, fokus pada kariernya. Jadilah dia tidak kunjung mendapat jodoh. Hingga suatu hari, dia jatuh cinta. Pada wanita yang benar-benar di luar dugaan. Dan dimulailah semua kekacauan cerita ini. “Pemilih yang baik, dia akan memilih apa yang diinginkan oleh hatinya. Pemilih yang beruntung, dia akan memilih apa yang terbaik baginya.” Akan seperti apa kisah cinta James? Dia akan memilih bagaimana?",2025,302,"3,69",Hopeful,Happy/Funny,Heartwarming,covers/cinta_antara_jakarta_dan_kuala_lumpur.jpg
16,Setelah Kita Bertemu,Romance,Pradnya Paramitha,"Gadis Paragita Rasidi sudah terbiasa menjadi yang tak diutamakan dalam keluarganya. Ia juga tak lagi sakit hati saat dibandingkan dengan kakaknya yang sempurna dan adiknya yang gemilang. Baginya, kebahagiaan keluarga adalah nomor satu dan mengalah demi keluarga adalah hal yang wajar—meski artinya, ia harus melepaskan mimpi-mimpinya. Sampai akhirnya Bhagaswara Narendra datang. Kehadirannya membangkitkan kembali hal-hal yang telah lama Gadis kubur—mimpi, keinginan, dan keyakinan bahwa dirinya juga layak dicintai. Untuk pertama kalinya setelah sekian lama, Gadis kembali menginginkan sesuatu. Masalahnya, Bhaga memiliki hubungan dengan tragedi kelam keluarga Rasidi—tragedi yang memaksa Gadis untuk menepikan mimpi-mimpinya. Gadis berada di persimpangan. Haruskah kali ini ia memilih dirinya sendiri dan menyakiti seluruh keluarganya? Atau haruskah ia mengubur keinginannya sendiri, seperti yang sudah-sudah?",2025,456,"4,22",Emotional,Reflective,Sad,covers/setelah_kita_bertemu.jpg
17,The Underling Purpose,Romance,Aranindy,"Mishmash Tower (MMT) merupakan reality show terbaru dari Soma TV, sebuah stasiun swasta nasional yang terkenal di Indonesia. MMT merupakan gabungan dari speed dating, working relationship, dan juga survival show. Dua belas pemain terpilih akan dikurung di lantai teratas sebuah gedung misterius. Mereka diharuskan bekerja berpasangan dan mencapai lantai dasar dengan menyelesaikan tantangan yang menanti mereka di setiap lantai. Berbagai cara pun akan mereka lakukan demi memenangkan permainan. Di tengah taktik, rahasia, maupun pengkhianatan—siapakah yang akhirnya berhasil menjadi sang juara? ""One of us is liar""  ""No. All of us are liars.""",2023,440,"4,38",Thrilling,Suspenseful,Dark,covers/the_underling_purpose.jpg
18,"Hello, Cello",Romance,Nadia Ristivani,"Jatuh cinta lagi?

Hmm, sepertinya itu tak ada lagi dalam kamus Helga. Kegagalannya dalam urusan cinta dan selalu disakiti oleh cowok, membuatnya sudah merasa cukup! Untuk apa mengulangi semuanya lagi dari awal?

Sebagai seorang penulis, Helga selalu mengabadikan hal yang berkesan di dalam hidupnya dalam bentuk buku. Dan di tengah proses penulisan buku keenamnya, ia malah dipertemukan dengan seorang ‘buaya’ tampan bernama Cello.

Cello yang awalnya ingin mendekati Una – yaitu seorang gadis yang populer di kampusnya, justru terjebak dan malah semakin dekat dengan Helga yang aneh dan ajaib karena sering berpikir dan bersikap terlalu random.

Namun, siapa sangka Cello malah semakin penasaran dengan gadis yang hatinya sudah membeku seperti itu? Baginya, Helga merupakan sosok yang ‘unik’ dan belum pernah ia jumpai sebelumnya. Mampukah Cello, akhirnya menaklukan hati Helga?",2023,428,"4,28",Happy/Funny,Hopeful,Heartwarming,covers/hello_cello.jpg
19,Pukul Setengah Lima,Romance,Rintik Sendu,Alina membenci hidupnya. Ia menciptakan realitas baru dengan menjelma menjadi seseorang bernama Marni ketika berkenalan dengan laki-laki yang ia temui di bus pada petang pukul setengah lima. Apakah kebohongan itu berhasil menyelamatkannya atau malah menambah kesialan dalam hidupnya? Bagaimana nasib laki-laki yang telanjur jatuh hati pada Marni itu? Apakah Alina mampu menjaga identitas rahasianya? Apakah Alina bisa menyukai hidupnya meski dalam sebuah kepalsuan yang sempurna?,2023,208,"3,71",Reflective,Emotional,Suspenseful,covers/pukul_setengah_lima.jpg
20,Semua yang Dirahasiakan Dariku (Everything We Never Said),Romance,Sloan Harlow,"Sebulan lalu, Ella menyetir dalam keadaan mabuk sehingga dia dan Hayley mengalami kecelakaan. Hayley terlempar keluar dari mobil dan kemungkinan hanyut di sungai, sementara Ella selamat tapi kehilangan ingatannya tentang kecelakaan tersebut. Bukan cuma itu, kini Ella juga tertarik dengan Sawyer, pacar Hayley. Mereka makin dekat dan tidak bisa menyangkal perasaan mereka. Rasa bersalah mencekiknya; tidak cuma membunuh sahabatnya, sekarang Ella juga mau merebut pacarnya? Kemudian, Ella menemukan buku harian Hayley yang berisi rahasia-rahasianya… juga Sawyer. Ternyata hubungan mereka tidak seindah yang selama ini Ella lihat. Ella tahu dia harus menjauh, tapi tidak mampu melakukannya. Dia terpikat sekaligus takut pada sisi-sisi Sawyer yang tidak dia ketahui. Meski begitu, rahasia yang dipegang Hayley mungkin mampu mengungkap jati diri Sawyer, juga kebenaran yang disembunyikan darinya pada malam kecelakaan itu.",2025,360,"3,85",Suspenseful,Dark,Emotional,covers/semua_yang_dirahasiakan_dariku.jpg
21,If We Make It Through December,Romance,Auryn Vientania,"Desember bagi Amai adalah waktu untuk menonton pertunjukan teater Bhanu-lelaki yang ditemuinya tiga bulan lalu, tapi rasanya sudah ia kenal sejak lama. Desember bagi Asyera adalah perenungan tentang perjalanan enam tahun bersama kekasihnya, Alga. Haruskah ia bertahan hanya karena sudah terlalu lama bersama? Desember bagi Djoeli adalah pertemuan-pertemuan dengan Khadafi dalam ruangan rapat. Mencuri pandang sambil menaruh harap di antara dua puluh lima orang lainnya. Desember bagi Keisha adalah kesempatan untuk membalik permainan dengan menyatakan cinta kepada Laskar setelah membuat laki-laki itu menunggu selama setahun. Desember bagi Alesha adalah sendiri bersama salju musim dingin di Turki, menunda pulang ke Jakarta, karena takut bertemu masa lalu. Desember adalah perhentian, tapi juga keputusan. Titik balik, juga titik Dan jikalau semua ini telah berlalu, apa yang akan terjadi pada mereka ? ",2023,274,"4,07",Reflective,Emotional,Hopeful,covers/if_we_make_it_through_december.jpg
22,MetroPop: Last Partner,Romance,Resia Rose,"Menjadi manajer marketing termuda di kantornya membuat Freya dijuluki kereta api ekspres, lady boss, bahkan monster lantaran kecepatan bekerjanya yang superkilat. Masalahnya Freya menuntut kecepatan bekerja yang sama dari para asistennya. Semua asisten Freya kabur karena tidak tahan dengan cara kerja Freya yang bagaikan tiran. Mereka tidak mengerti kenapa Freya harus selalu cepat. Mereka tidak mengerti Freya tidak bisa santai karena dia sudah terlambat. Setelah berganti-ganti asisten, akhirnya Nuno terpilih menjadi asisten Freya yang keempat. Dengan perangainya yang nyaris seperti robot tanpa emosi, dia mampu mengimbangi kecepatan kerja Freya dan menoleransi sifatnya yang tak masuk akal. Bagi Nuno, hatinya sudah mati rasa sehingga tidak ada perlakuan Freya yang bisa menyakitinya. Awalnya mereka mengira telah menemukan partner yang saling memahami. Namun, makin mereka berinteraksi, makin mereka harus mengorek luka masa lalu yang membentuk pribadi mereka sekarang. Apakah dengan saling membantu mereka bisa melanjutkan hidup tanpa membawa beban luka masa lalu?",2025,304,"3,35",Emotional,Reflective,Hopeful,covers/last_partner.jpg
23,Romantika Runika,Romance,Nureesh Vhalega,"Dia Runika, sosok yang terlihat selalu bahagia, juga anak tunggal yang dihujani cinta oleh orangtuanya. Namun, setiap hubungannya seolah dikutuk, karena hanya bertahan hingga bulan kesembilan. Ambisi terbesarnya saat ini adalah merayakan anniversary dengan pacar, setidaknya hari jadi pertama. Runika mendapat pekerjaan baru dan di hari pertama menuju kantor, dia bertemu seorang pria tampan yang meminjam kartu tol. Seolah-olah takdir, pria itu—Raiden—juga bekerja di kantor yang sama. Sayangnya, Vian yang adalah sahabat Runika sejak masa sekolah, tidak pernah bisa akur dengan Raiden. Di tengah harapannya punya pacar baru dan memiliki hubungan yang langgeng, serta kebencian Vian terhadap Raiden, Runika dihadapkan dengan suatu kenyataan yang tidak pernah dibayangkan sebelumnya, dan betapa perbedaan masa lalu begitu berdampak pada masa depan hubungannya.",2024,296,"4,06",Emotional,Hopeful,Reflective,covers/romantika_runika.jpg
24,MetroPop: The Spark Between Us,Romance,Vira Safitri,"Di puncak karier musiknya yang gemilang, Hanna Schulz tersandung skandal dengan seorang menteri muda yang telah beristri—Adrian Wiratama. Demi melindungi Adrian dan menjauh dari sorotan publik, Hanna melarikan diri ke rumah ayahnya di Jerman, berharap bisa menghilang dari dunia yang menghakiminya. Namun, di tengah pelariannya, takdir justru mempertemukannya dengan Julien Renier, seorang profesor muda, yang tanpa alasan jelas memilih untuk menolongnya. Bersama Julien, Hanna menemukan bentuk cinta yang tak pernah ia kenal sebelumnya: cinta yang lembut, memulihkan, dan mengajarkannya cara mencintai diri sendiri. Sayangnya, masa lalu Hanna masih membayangi. Ketika Hanna dan Adrian kembali dipertemukan, cinta yang baru tumbuh itu pun diuji. Saat Hanna akhirnya siap menapaki kisah baru, Julien menuntut jawaban untuk keraguannya—apakah Hanna telah benar-benar memilih, atau sekadar menjadikannya suaka untuk pulih?",2025,376,"3,88",Emotional,Reflective,Hopeful,covers/the_spark_between_us.jpg
25,"Hello (Again), Cello",Romance,Nadia Ristivani,"Jatuh cinta lagi?

Hmm, sepertinya itu tak ada lagi dalam kamus Helga. Kegagalannya dalam urusan cinta dan selalu disakiti oleh cowok, membuatnya sudah merasa cukup! Untuk apa mengulangi semuanya lagi dari awal?

Sebagai seorang penulis, Helga selalu mengabadikan hal yang berkesan di dalam hidupnya dalam bentuk buku. Dan di tengah proses penulisan buku keenamnya, ia malah dipertemukan dengan seorang ‘buaya’ tampan bernama Cello.

Cello yang awalnya ingin mendekati Una – yaitu seorang gadis yang populer di kampusnya, justru terjebak dan malah semakin dekat dengan Helga yang aneh dan ajaib karena sering berpikir dan bersikap terlalu random.

Namun, siapa sangka Cello malah semakin penasaran dengan gadis yang hatinya sudah membeku seperti itu? Baginya, Helga merupakan sosok yang ‘unik’ dan belum pernah ia jumpai sebelumnya. Mampukah Cello, akhirnya menaklukan hati Helga?",2023,250,"4,35",Happy/Funny,Heartwarming,Hopeful,covers/hello_again_cello.jpg
26,(Bukan) Pengantin Baru,Romance,YESSIE L.RISMAR,"Di awal pernikahan Kiara dan Yaris tidak pernah terusik dengan pertanyaan kapan punya anak. Namun, ibarat suara nyamuk, lama kelamaan pertanyaan itu mengganggu juga. Terlebih ketika mertua Kiara yang biasanya adem ayem mulai merengek ingin cucu dan membandingkan mereka dengan orang lain. Masalahnya, bagaimana bisa punya anak kalau berhubungan intim saja Kiara dan Yaris masih tidak bisa?",2024,192,"3,91",Happy/Funny,Hopeful,Heartwarming,covers/bukan_pengantin_baru.jpg
27,Larung,Romance,Ayu Utami,"Dikisahkan, Larung ini adalah karakter baru yang akan membantu Saman, mereka berdua kemudian berusaha untuk menyelamatkan tiga aktivis yang dikejar-kejar karena peristiwa 27 Juli 1996. Novel Larung ini didominasi oleh pergolakan politik dan kekuasaan rezim militer yang berusaha merepresentasikan kekuasaan orde baru. ",2023,304,"3,5",Dark,Reflective,Thrilling,covers/larung.jpg
28,23:59 : Sebuah Novel,Romance,Brian Khrisna,"Tidak ada yang lebih menyakitkan ketimbang hubungan yang berakhir dengan penuh tanda tanya. Ketika kamu harus dipaksa ikhlas atas perpisahan yang terjadi tanpa kamu tahu apa yang salah dari hubunganmu kemarin. Lalu, kamu akan melewati hari demi hari dengan terus menyalahkan diri sendiri. Apa kurangku? Apakah dia tidak bahagia bersamaku? Apakah aku tidak cukup untuknya? Itulah perasaan yang selama ini Ami derita. Seorang gadis cantik yang dipaksa harus merelakan hubungannya bersama Raga berakhir, tanpa ada sedikitpun penjelasan yang dia dapatkan. Trauma, depresi, kantung mata, rambut rontok, dan segala macam obat tidur harus dilaluinya pasca perpisahan terkutuk itu. Meski sulit, perjalanan penuh luka itu akhirnya membawanya ditemukan oleh seseorang yang baru. Yang lebih mencintainya. Yang tak pernah sekali pun pergi meninggalkannya. Ami perlahan mulai bisa mengikhlaskan Raga. Namun, dua hari sebelum pernikahannya, Raga-lelaki yang selama ini diam-diam masih dicintainya-tiba-tiba hadir di keadaan yang benar-benar membuat Ami merasa hampir setengah gila. Seketika itu juga, semua usaha Ami untuk akhirnya bisa ikhlas, tiba-tiba sirna begitu saja. Apakah pada akhirnya Ami berhasil menemukan jawaban atas segala pertanyaannya selama ini? Lantas, apakah Ami akan kembali bersama Raga, lelaki yang sudah melukainya teramat dalam, namun juga masih menjadi segala doa yang kerap ia layangkan dalam diam?",2023,231,"3,71",Emotional,Sad,Hopeful,covers/2359_sebuah_novel.jpg
29,Sendiri,Romance,Tere Liye,"Tidak ada yang abadi di dunia ini. Lautan bisa mengering. Gunung bisa rata. Benua terpisah, bersatu, dan terpisah lagi. Apalagi cinta pasangan manusia. Sehebat apapun cinta tersebut, pasti akan berakhir. Waktu akan menelannya. Inilah kisah tentang seorang laki-laki usia 70 tahun, yang ditinggal istrinya meninggal setelah begitu lama menikah, menghabiskan waktu bersama-sama. Saat hari itu tiba, apa yang harus dia lakukan? Bagaimana dia akan melewati sisa hidupnya? Menjalani hari demi hari? Apakah hidupnya masih seru? Apakah masih ada petualangan spesial baginya. Atau hanya tersisa. Sendiri?",2024,320,"3,81",Sad,Reflective,Hopeful,covers/sendiri.jpg
30,"Hold On, It Hurts",Romance,Noveni Adelia,"Аpa yang lebih menyakitkan dari fakta kalau Anindia menikah karena perjodohan? Pernikahan Anindia atau kerap disapa Anin terjadi untuk memenuhi keinginan terakhir seseorang bukan atas dasar cinta—dan itu fakta paling menyakitkan yang harus dia terima. Namun, seakan belum puas memporak-porandakan nasibnya, Anin diberikan ujian saat dirinya mengetahui satu fakta lain tepat pada saat pernikahannya dilaksanakan. Perempuan itu sudah siap berdiri dengan Papa di sisinya, riasan yang terpoles rapi membuat wajah cantiknya semakin bersinar. Papa berkali-kali menunduk sembari menggenggam kedua tangannya sendiri dengan sangat erat, berusaha menahan air mata agar tidak terjatuh dan membuat anak perempuannya menyaksikan hal itu. Anin diam-diam tersenyum tipis, matanya dia alihkan ke arah lain untuk berpura-pura tidak melihat bagaimana Papa berjuang menahan tangis. Buket mawar berwarna merah muda di genggaman tangan kirinya, berkali-kali ditatapnya dengan rasa kagum yang membuncah. Rambutnya disanggul cantik dengan hiasan bunga dan kain tule, membuat perempuan itu terlihat seperti seorang putri kerajaan yang siap berjalan menuju istana untuk menemui sang pangeran. Anin harap begitu. Seseorang yang akan ditemui adalah pangeran yang siap membawanya mengarungi bahtera rumah tangga bahagia. Nyatanya, sosok di depan sana bukanlah pangeran yang akan menuntunnya ke jalan itu. Entah dengan sebutan apa sosok di depan sana patut disebut, yang pasti tatapan tajam dan kilat amarah yang terpancar dari mata elang milik lelaki itu, membuat Anin tahu kalau ada badai besar yang menunggu untuk menghancurkan hidupnya.",2023,432,"3,9",Emotional,Sad,Dark,covers/hold_on_it_hurts.jpg
31,Midnight Diaries,Romance,Skysphire/Kawah Media,"Midnight Diaries by Malioboro Hartigan datang dari universe Malioboro at Midnight, menceritakan kisah Malioboro Hartigan dalam tiga periode waktu: sebelum ia bertemu Serana Nighita Sivera, ketika bertemu, dan ketika sudah menjadi kekasih Sera. Sebelum bertemu Sera, Malio menyayangi teman masa kecilnya, Zara. Namun, keadaan membuat mereka tidak bisa bersama. Hari-hari patah hati Malio sampai hari-hari akhirnya ia bisa merasakan cinta dan kasih sayang lagi diceritakan dalam buku ini dan dilengkapi dengan komik dan ilustrasi yang manis. Kenapa Malioboro? Itu adalah pertanyaan yang selalu gue tanyakan ke Ayah, “Kenapa nama aku Malioboro?"" Dari sekian banyak seorang anak bisa dinamakan, kenapa nama gue diambil dari sebuah nama jalanan yang ada di pusat Kota Yogyakarta? Kenapa nama gue nggak sekeren nama kakak laki-laki gue-Maurer-yang kebulebulean, dan di antara empat saudara gue, Maurer, Michelle, Melanie, Marshal, hanya nama gue yang lokal, kenapa? ""Karena di Jalan Malioboro pertama kali Ayah dan Bunda berpacaran."" Hah, basi banget sebenarnya, padahal gue berharap bisa dinamakan dengan nama lain yang kebule-bulean juga, apa gitu? Marcus? Matthew? Atau Manchester? Siapa tahu ketika besar gue jadi pemain bola, kan? Ayah bilang, cuma Bunda yang kala itu menjadi seorang ibu rumah tangga dan nahasnya tanpa suami. Teman teman mereka sibuk menceritakan tentang hidup mereka yang baru saja diangkat jadi direkturlah, lanjut S3 ke Amerikalah, atau menjadi anggota DPR, dan saat itu Bunda hanya mendengarkan sambil menggendong Mbak Michelle yang rewel dan mas are yang sibuk makan sosis di baby chair.",2024,214,"4,14",Emotional,Reflective,Hopeful,covers/midnight_diaries.jpg
32,Untuk Satu Nama yang Sulit Kuhapus,Romance,Rafi Ibadi,"Bersamamu adalah perjalanan singkat tapi memberi pelajaran yang begitu melekat. Pelajaran untuk tak terlalu dalam jatuh serta untuk tak terlalu berharap jauh. Coba kau pikir, bagaimana caranya aku bisa melanjutkan hidupku, jika menyelesaikan pelajaran darimu saja seakan membutuhkan waktu seumur hidupku. Dan pada akhirnya, di antara kata selamat tinggal, kau jadi orang yang selamat dan justru aku yang tertinggal. Perjalanan menghapus satu nama, dimulai.",2024,164,4,Sad,Reflective,Hopeful,covers/untuk_satu_nama_yang_sulit_kuhapus.jpg
33,Lokananta,Romance,Aji Fauzi,"Ananta, si gadis keras kepala. Pecinta musik. Hobi memetik gitar untuk mengutarakan perasaannya. Jiwanya penuh dengan semangat dan kebebasan. Namun, ia merasa terkungkung. Abi tidak mendukungnya untuk bermusik. Bagi Abi, musik dekat dengan maksiat. Ananta tidak mau tahu. Baginya, bermain musik bisa menyampaikan kerinduannya kepada Umi yang meninggal waktu dia masih kecil. Ananta remaja memilih untuk bermain di sebuah band dengan teman-temannya, bahkan berencana untuk ikut festival musik. Abi menawarkan sebuah pertaruhan yang menggoda: kalau Ananta menang, dia boleh terus bermusik. Kalau kalah, Ananta harus melanjutkan studi S1 di Kairo. Ananta mengiakan. Sayangnya Ananta gagal. Bukannya menepati janjinya dengan Abi, Ananta malah kabur ke Bolaang Mongondow, tempat pamannya tinggal. Saat mendarat di Manado, Ananta bertemu seorang pemuda bernama Loka, sesama pecinta musik. Bedanya, Loka memainkan kolintang. Loka mengajaknya berkolaborasi. Pertemuan yang semakin intens membuat keduanya saling tertarik. Sayangnya, jatuh hati tak selalu semanis cinta. Kisah cinta mereka begitu bertolak belakang seperti siang dan malam.",2023,184,"2,33",Hopeful,Emotional,Inspiring,covers/lokananta.jpg
34,Dago Setelah Hujan,Romance,Skysphire/Kawah Media,"Baik Dago ataupun Mentari tidak pernah menyangka jika mereka akan duduk bersisian di kursi persidangan, untuk bercerai. Mereka tidak pernah mengira jika mereka menikah hanya untuk berpisah, sebab seperti puisi yang pernah Mentari tulis untuk Dago. “Aku ingin menua dan mati di dekapmu.” Itu yang mereka harapkan. Tapi hari itu, perpisahan sudah di depan mata. Seluruh perjalanan berliku yang telah mereka lewati bersama kini nyaris selesai di ujung jalan. Dago dan Mentari harus saling melambai dan melanjutkan perjalanan masing-masing karena jalan berbeda yang telah mereka pilih. Namun, sebelum jalan itu benar-benar usai dan mereka sampai di persimpangan, Dago bertanya pada Mentari. “Did you still love me?” Pertanyaan itu membuat langkah kaki Mentari berhenti, matanya menerawang pada jalanan panjang di depannya, tiba-tiba dia merasa takut. Apa sanggup Mentari berjalan seorang diri tanpa Dago di sisinya?",2022,332,"4,16",Emotional,Sad,Reflective,covers/dago_setelah_hujan.jpg
35,Sarhad,Romance,Crowdstroia,"“Putra Mahkota melangkah selamatkan kerajaannya yang melemah.” Daneswara Tanureja adalah larangan; segalanya yang salah dan tak boleh dilakukan. Persona berbeda yang dia tampilkan kepada adik-adiknya adalah kamuflase akan siapa dia sebenarnya. Namun, kamuflase itu retak sejak keluarganya diteror. Setelah sang pelaku peneroran keluarganya tertangkap, Danes berhasil menginterogasinya diam-diam. Dan dari bibir sang pelaku, sebuah rahasia keluar sebagai kunci memenuhi tujuan Danes. Demi mencapai tujuan itu, Danes membuat kontrak dengan organisasi gelap bernama Balwana. Edreya Oktavia adalah peringatan; segala yang harus dicengkeram otak atas bahaya yang mengancam. Teman-temannya mungkin tahu pekerjaannya sebagai asisten rumah tangga, tetapi hanya rekan bisnis yang tahu pekerjaan sampingannya sebagai penjual organ tubuh ilegal. Musuh demi musuh menerjangnya hingga dia harus kembali ke sisi sang atasan. Namun, apa yang menanti di tempat kerjanya akan membuatnya kembali berhadapan dengan Danes, dan kepentingan mereka akan saling berkelindan dengan hidup satu sama lain.",2024,272,"3,81",Dark,Thrilling,Suspenseful,covers/sarhad.jpg
36,"Kembali ke Batavia
",Romance,Gigrey,"Setelah berhasil menavigasi perjalanan waktu pertama, hidup Jenaka kembali normal dan ia berhasil meraih cita-citanya untuk menjadi seorang pengacara. Saat Jenaka mulai memutuskan untuk beranjak meninggalkan masa lalu setelah membaca surat-surat dari Cantika, sosok dari masa lalunya kembali muncul, Pram.

Pram berhasil menyusul Jenaka melalui mesin waktu baru yang dibuat oleh Jati. la tiba di Belanda disambut oleh keluarga besarnya pada masa depan. Segala kebutuhan Pram pun dipenuhi, salah satunya pengobatan akibat sakit yang Pram derita selama tujuh tahun terakhir.

Saat Jenaka dan Pram menikmati waktu bersama, datang surat lain yang meminta bantuan Jenaka dan Pram untuk kembali ke masa lalu. Dibakar oleh nostalgia dan ingin kabur dari keseharian yang membosankan, Jenaka mengingınkan sebuah perjalanan baru ke masa lalu. Bahkan, ia berharap kali ini dirinya bisa membawa Cantika dan Jati untuk mengunjungi masa depan.

Bagaimana perjalanan Jenaka dan Pram kali ini? Berhasilkah mereka membawa Cantika dan Jati mengunjungi masa depan?",2025,452,"4,54",Hopeful,Heartwarming,Reflective,covers/kembali_ke_batavia.jpg
37,Poetry in Our Heads,Romance,Kith,"Malik Wartana, ia kelewat dewasa untuk seukuran remaja yang tumbuh dalam duka. Kelewat bijaksana untuk memandang kekosongan setelah ditinggal Ayah selamanya. Sayangnya, Kal juga kelewat merah muda untuk Malik. Ia terlalu bahagia untuk bergabung dalam duka yang seumur hidup Malik rengkuh. Malik merasa tak bisa menodai keceriaan Kal dengan membagi biru dan kelabunya. Dan di sanalah, Greta Tsahara berdiri. Merangkul gelap, kelam, dan sepi setelah ditinggal Bunda. Memandang Malik dengan duka yang setara. Dengan keinginan untuk menemukan secercah cahaya agar tak terus tenggelam dalam lautan hampa. Saling menemukan, menyembuhkan, menerangi gelap. Namun, bukankah kita pernah mendengar, bahwa dua orang yang tumbuh dalam duka takkan bisa bersama?",2024,380,"4,46",Sad,Inspiring,Hopeful,covers/poetry_in_out_heads.jpg
38,"Kau, Aku & Sepucuk Angpau Merah",Romance,Tere Liye,"Ada tujuh miliar penduduk bumi saat ini. Jika separuh saja dari mereka pernah jatuh cinta, maka setidaknya akan ada satu miliar lebih cerita cinta. Akan ada setidaknya 5 kali dalam setiap detik, 300 kali dalam semenit, 18.000 kali dalam setiap jam, dan nyaris setengah juta sehari-semalam, seseorang entah di belahan dunia mana, berbinar, harap-harap cemas, gemetar, malu-malu menyatakan perasaanya. Apakah Kau, Aku, dan Sepucuk Angpau Merah ini sama spesialnya dengan miliaran cerita cinta lain? Sama istimewanya dengan kisah cinta kita? ",2025,512,"4,18",Emotional,Reflective,Hopeful,covers/kau_aku_dan_sepucuk_angpau_merah.jpg
39,Progresnya Berapa Persen? (2026),Romance,"Soraya Nasution

","Sudah setahun April mengabdi di sebuah kantor konsultan yang bergerak di bidang konstruksi . Nyaman, minim persaingan, dan fleksibel. Suasana yang sulit dijumpai di lingkungan kerja kebanyakan. Namun, selalu ada harga yang harus dibayar. Seperti bobot pekerjaan yang bikin puyeng, deadline yang suka tiba-tiba, delegasi tugas tanpa instruksi detail, dan puluhan tender yang diikuti dalam waktu berdekatan. Seakan semuanya belum cukup, rasanya kepalanya mau pecah saat sebuah pertanyaan muncul ketika dia sedang mengerjakan tugas lain yang juga mendesak. Seringnya, pertanyaan itu meluncur dari seorang manajer teknik bernama Dewangga Bayuzena, laki-laki yang entah kenapa selalu bikin jantung para staf ketar-ketir dengan satu pertanyaan kebanggaannya ini: ""Progresnya berapa persen?",2026,150,"4,13",Happy/Funny,Heartwarming,Hopeful,covers/progresnya_berapa_persen.jpg
40,Semilir: Saat Beban Terangkat,Romance,Moon Kyeong-Min,"Aku menyimpan rahasia. Tidak ada yang mengetahuinya selain Kakek. Bahkan, Kakek yang tahu segalanya akan menutup rapat-rapat mulutnya setiap kali aku bertanya lebih jauh. Kakek hanya menyuruhku belajar dengan giat agar bisa masuk universitas dan hidup mandiri. Aku rasa itu bukan ambisi yang besar. Hidup sehat, tidak kekurangan uang, dan mengurus rumah yang sederhana dengan bersih. Namun, bagaimana jika ada yang menanyakan secara langsung kepadaku hal-hal pribadi yang ingin kusimpan sendiri? Aku ingin berbagi dengan seseorang tentang segala keresahanku, tetapi hubunganku dengan Kakek tidak memungkinkannya. Di tengah hari-hari yang kini kulalui bersama anak laki-laki bernama Yeon-woo, rasa penasaran itu tetap ada; keinginan untuk mencari tahu siapa sesungguhnya diriku. Tanpa diduga, ternyata salah satu temanku mengetahui rahasia yang selama ini kusimpan. Saat kutanya mengapa dia bisa tahu, jawabannya membuatku termangu. “Karena kau sangat terkenal.”",2025,208,"3,92",Suspenseful,Reflective,Hopeful,covers/saat_beban_terangkat.jpg
41,Geez & Ann #2,Romance,Rintik Sendu,"Selalu untukmu Geez, Sebulan lebih aku sudah berada di Berlin. Mencari, mencari, dan mencari. Sampai akhirnya, aku menemukan sebuah jawaban yang terpaksa aku terima. Bukan jawaban terbaik, tetapi aku harus bisa menghargai itu. Berlin, aku titip dewa kejutanku, ya. Sembunyikan saja senjamu kalau dia nakal, pasti dia langsung jadi anak baik lagi. Berlin, aku juga titip rasa sayang ini untuknya. Seperti permintaannya, perasaan untuknya tidak akan lagi aku bawa pulang. Aku pamit, Ann.",2017,250,"3,92",Sad,Reflective,Hopeful,covers/geez_dan_ann2.jpg
42,"Mariposa ""Masa Seandainya""",Romance,Luluk HF,"“Sekarang, gue yang akan kejar lo, Natasha.” Acha tak bisa berkata apa pun ketika mendengar pengakuan mengejutkan dari seseorang yang pernah menolaknya dengan kejam enam tahun lalu itu. Ia tak pernah menyangka hal seperti ini akan terjadi di hidupnya. Tubuh Acha membeku sangat lama, berusaha mencerna dengan baik kalimat tersebut. Acha harus bagaimana? Balasan apa yang harus ia berikan? Sungguh, Acha tidak tahu harus berbuat apa saat ini. Sementara laki-laki di hadapannya masih menatapnya dengan lekat dan penuh kesungguhan. “Gue akan kejar lo seperti yang lo lakukan enam tahun lalu, dan gue akan berusaha buat lo suka lagi sama gue. ” Mariposa Masa Seandainya adalah ‘what if’ dari Mariposa Universe. Mengisahkan Iqbal dan Acha dengan alur ‘seandainya’, di mana Iqbal masih tidak membalas perasaan Acha dan gadis itu akhirnya menyerah untuk mengejar seorang Iqbal. Setelah lulus SMA, Iqbal langsung kuliah di luar negeri untuk mengejar impiannya. Sementara Acha memilih kuliah kedokteran dan berusaha keras melupakan seorang Iqbal. Namun, enam tahun kemudian, Iqbal dan Acha untuk pertama kalinya kembali bertemu di reuni SMA Arwana. Kisah mereka pun kembali berlanjut dengan penuh kejutan.",2025,348,5,Hopeful,Emotional,Heartwarming,covers/mariposa_masa_seandainya.jpg
43,Mariposa,Romance,Luluk HF,"Natasha Kay Loovi atau yang biasa dikenal dengan sapaan Acha. Acha merupakan gadis ajaib yang memiliki paras cantik layaknya seorang bidadari. Selain itu, Mariposa ini juga merupakan buku yang menceritakan mengenai Iqbal. Siapa nama panjang dari Iqbal? Jangan tanya nama panjang dari Iqbal, karena nanti kalian akan jatuh cinta! Yang perlu kalian tahu yaitu Iqbal adalah pria yang memiliki hati dingin. Dirinya juga memiliki hidup yang sangat monoton. Perjuangan dari Acha yang ingin mendapatkan cinta dari seorang Iqbal. Acha tidak pernah merasakan gentar di dalam usahanya untuk meruntuhkan dingin dan kokohnya tembok pertahanan hati dari seorang Iqbal yang memang belum pernah disinggahi perempuan manapun. Sikap dingin dan penolakan yang ditunjukkan berkali-kali oleh Iqbal kepada Acha pun tak lantas membuat gadis tersebut akhirnya menyerah. Hal itu dikarenakan bagi Acha, selama Iqbal masih berwujud manusia dan selama Iqbal tidak berubah menjadi sapi terbang, Acha akan terus berjuang.",2020,496,"3,48",Happy/Funny,Hopeful,Heartwarming,covers/mariposa.jpg
44,Geez & Ann #1,Romance,Rintik Sendu,"Novel Geez & Ann #1 ini menceritakan tentang perempuan SMP yang akan beranjak dewasa bernama Keana Amanda. Suatu hari, saat acara pensi di sekolahnya, dia bertemu dengan Gazza Cahyadi di kedai es teh. Gazza yang lebih suka dipanggil Geez itu adalah seorang alumni pintar dan tampan yang disukai banyak perempuan. Pertemuan mereka berlanjut di metromini, di kedai es krim hingga pada pertemuan berikutnya yang berujung pada sebuah rasa. Sejak itulah mereka menjadi lebih dekat, dan Geez memanggil Keana dengan sebutan 'Ann'. Namun, pertemuan yang tidak sengaja itu justru menjadi awal Ann merasakan sakit hati. Keduanya berhadapan dengan berbagai masalah yang cukup pelik dan menyakitkan. Mulai dari konflik kebohongan, pertentangan keluarga, hubungan jarak jauh, dan masih banyak lagi. Untuk peri kecilku, Ann, dari kecil, aku susah sekali bicara banyak. Namun, sejak bertemu denganmu, aku ingin bisa banyak berkata-kata, khususnya saat bersamamu. Aku tahu, aku jenis orang yang sedikit rumit. Namun, percayalah Ann, aku berusaha sekeras mungkin untuk bisa membuatmu memahamiku, walaupun aku tahu itu sulit. Berat sekali rasanya harus meninggalkanmu ke Berlin. Harus membiarkanmu sendirian dengan banyak pertanyaan. Kamu bisa sabar, kan? Tunggu ya, Geez akan pulang untuk Ann.",2020,264,"3,86",Emotional,Hopeful,Sad,covers/geez_dan_ann1.jpg
45,MetroPop: Hingga Ujung Cakrawala,Romance,Titi Sanaria,"“GUE merasa, hidup itu beneran nggak adil saat lihat orang-orang seperti itu,” desah Kiera, membuat Anjani mendongak dari cangkir kopinya. “Orang seperti apa?” Kopi di tempat ini benar-benar enak. Mungkin tidak adil membandingkan kopi yang diperlakukan istimewa—baru akan dihaluskan sesaat sebelum dihidangkan kepada konsumen—dengan kopi instan yang diolah secara gelondongan di pabrik, kemudian dijual seharga seribu rupiah per saset. Kopi murah yang diseduh dengan air dispenser yang bahkan tidak mencapai titik didih. Namun, apa sih yang adil dalam hidup? Anjani sudah belajar tentang ketidakadilan itu sejak lama. Dia sudah terbiasa membonsai harapan. Ekspektasi tinggi berbanding lurus dengan rasa kecewa yang menghujam saat gagal tercapai. “Orang yang kemejanya nggak kusut sedikit pun setelah jam kerja. Gue yakin mereka bahkan nggak meneteskan keringat saat kerja, tapi gajinya ratusan kali lipat daripada kita. Dan kenapa mereka harus seganteng itu sih?” protes Kiera, masih berlanjut. “Meja sebelah kanan, dekat pintu masuk.”",2023,376,"3,76",Reflective,Happy/Funny,Sad,covers/hingga_ujung_cakrawala.jpg
46,"Setiap Hari, Hari Ini",Romance,Valerie Patkar,"Di sebuah pertemuan yang tak terduga, Adrian Hardikara kembali bertemu dengan Inira Dilona, aktris film ternama Indonesia yang menjadi brand ambassador bir buatannya. Tanpa sepengetahuannya, Inira datang dengan tujuan untuk memenangkan hatinya lagi—hati yang sudah dihancurkan Inira berkeping-keping delapan tahun lalu, sebab hidupnya tak lama lagi.",2026,400,5,Emotional,Sad,Hopeful,covers/setiap_hari_ini.jpg
47,Kata,Romance,Rintik Sendu,"Nugraha
Andai bisa sesederhana itu, aku tidak akan pernah mencintaimu sejak awal. Aktu tidak akan mengambil risiko, mengorbankan perasaanku. Tapi, semua ini di luar kendaliku.
Biru
Banda Neira adalah hari-hari terakhirku bersamamu. Kutitipkan segala rindu, cerita, dan perasaan yang tak lagi kubawa, lewat sebuah ciuman perpisahan. Berjanjilah kau akan melanjutkan hidupmu bersama laki-laki yang bisa menjaga dan menyayangimu lebih baik dariku.
Binta
Cinta pertama seorang perempuan yang didapat dari laki-laki adalah dari ayahnya. Dan cinta pertama itu, telah mematahkan hatiku. Ayahku sendiri membuatku berhenti percaya dengan namanya cinta.
Nugraha, Biru, dan Binta saling membelakangi dan saling pergi. Mereka butuh kata-kata untuk menjelaskan perasaan. Mereka harus bicara dan berhenti menyembunyikan kata hati serta mencari jawaban dari sebuah perasaan.
",2026,404,"3,96",Emotional,Sad,Reflective,covers/kata.jpg
48,Suspect in My Sight,Romance,Bella Pustika,"Kamera DSLR Citra hilang.
Lima penghuni, lima alibi, satu kecurigaan besar.
Demi membuktikan dirinya tak bersalah, Tara menyelidiki satu per satu penghuni… termasuk Sebastian, si cowok sok keren yang lebih suka menyalahkan orang daripada mencari solusi.

Namun siapa sangka, proses mencari kamera justru membuat dia makin sering berhadapan dengan Sebastian yang menyebalkan tapi anehnya bikin penasaran.
Apakah Sebastian pencuri kamera itu?

Atau justru orang yang diam-diam  mencuri hatinya?",2026,360,4,Suspenseful,Happy/Funny,Hopeful,covers/suspect_in_my_sight.jpg
49,A Deal with the Diplomat,Romance,Ratri Catty,"Ketika ibunya sakit dan biaya pengobatan tak terjangkau, Najeena Hana Aditama terpaksa menerima tawaran pernikahan dari Gibran Agha Sudjiwo, seorang diplomat muda yang dingin, tegas, dan nyaris tak tersentuh. Pernikahan ini bukan tentang cinta, melainkan sekadar kesepakatan. Jeena yang ambisius berusaha mengendalikan situasi, tapi justru menemukan dirinya kalah oleh dominasi Gibran yang tak tergoyahkan. Di antara batasan yang mereka buat sendiri, perlahan rasa-rasa yang tak terduga muncul. Namun, ketika masa lalu, kecemburuan, dan ambisi mulai menguji hubungan mereka, Jeena dan Gibran harus menghadapi kenyataan: apakah pernikahan ini hanya sebatas kontrak, atau takdir menyimpan rencana lain untuk mereka?",2025,315,2,Emotional,Hopeful,Heartwarming,covers/a_deal_with_the_diplomat.jpg
50,When the Sky is Blooming,Romance,Ilana Tan,"Mendadak digosipkan berpacaran dengan aktor idola yang sedang populer? Mendadak dicap sebagai aktris picisan tidak tahu diri yang hanya ingin terkenal? Memang merepotkan, tetapi bukan masalah yang terlalu besar. So-ra masih bisa menghadapinya sendiri. Ada satu masalah lain yang lebih membutuhkan perhatian, yaitu masalah menyangkut kemunculan seorang pria dari masa lalu So-ra yang sudah dilupakannya sama sekali.

Sebaliknya, Jun tidak pernah lupa. Ia telah berusaha melacak keberadaan So-ra selama beberapa waktu dan akhirnya berhasil menemukan wanita itu berkat gosip yang tersebar di internet. Jadi, yang harus dilakukan Jun sekarang adalah pergi menemui So-ra dan mengakhiri hubungan di antara mereka secara resmi. Setelah itu, ia bisa kembali melanjutkan hidup. Sederhana.

Sayangnya—atau untunglah —kenyataan tidak sesederhana yang diharapkan.
",2024,400,"3,83",Emotional,Hopeful,Reflective,covers/when_the_sky_is_blooming.jpg
51,The Reappearance of Rachel Price,Mystery/Thriller,Holly Jackson,"Enam belas tahun lalu, Rachel Price menghilang. Bel yang masih kecil menjadi satu-satunya saksi meski tidak mengingat apa pun. Kini berumur 18 tahun, Bel masih berada di bawah bayang-bayang misteri hilangnya sang ibu. Bayangan sang ibu seolah makin pekat ketika keluarga Price setuju menjadikan kasus Rachel Price sebagai film dokumenter kejahatan nyata. Bel tidak sabar menunggu syuting selesai agar hidupnya bisa kembali normal. Tetapi, hal yang mustahil terjadi: Rachel Price yang selama ini dianggap mati, kini muncul kembali. Kehadiran kembali Rachel memorakporandakan kehidupan yang Bel miliki. Ia bahkan yakin ibunya berbohong. Mungkinkah Rachel selama ini bersembunyi? Apakah dia berbahaya? Dengan kamera yang terus merekam, Bel harus mengungkap kebenaran tentang ibunya, dan mencari alasan sesungguhnya Rachel Price kembali dari kematian.",2026,584,"4,08",Suspenseful,Thrilling,Dark,covers/the_reappearance_of_rachel_price.jpg
52,Testimony of N,Mystery/Thriller,Minato Kanae,"Mayat sepasang suami istri paruh baya ditemukan di sebuah unit apartemen super mewah. Di tempat kejadian, empat anak muda memberikan kesaksian yang akhirnya menjebloskan salah satunya ke balik jeruji besi. Namun, ada kebohongan kecil dalam setiap kesaksian mereka, yang lahir dari keinginan untuk melindungi seseorang. Saat mereka mulai buka mulut tentangnya 10 tahun kemudian, sekelam apakah kebenaran yang pada akhirnya muncul?",2026,312,"3,48",Suspenseful,Thrilling,Dark,covers/testimony_of_n.jpg
53,Orang-Orang Hilang di Kyushu,Mystery/Thriller,Han Go-un,"Seorang jurnalis terkenal, seorang wanita penghibur, seorang dealer mobil bekas, seorang dosen bahasa Jepang, dan seorang calon pewaris perusahaan menerima surat aneh yang beramplopmerah muda. Lalu, mereka berlima lenyap tanpa jejak di Kyushu. Saat keluarga dan kerabat terdekat mencari kelima orang itu, mereka mendapati fakta bahwa orang-orang yang hilang itu mendapatkan surat dari seseorang yang telah mati 16 tahun lalu.",2026,160,"2,43",Suspenseful,Thrilling,Dark,covers/orang_orang_hilang_dikyushu.jpg
54,Membunuh Alice,Mystery/Thriller,Yasumi Kobayashi,"Akhir-akhir ini, Kurisugawa Ari sering dihantui mimpi tentang Alice di Negeri Ajaib. Ketika ia bermimpi tentang Humpty Dumpty yang tercerai-berai di tanah setelah terjatuh dari tembok, seorang peneliti yang dijuluki si Telur di kampusnya jatuh dari atap gedung dan tewas seketika. Ketika ia bermimpi tentang Gryphon yang mati tersedak tiram mentah, seorang dosen di kampusnya juga tewas saat makan tiram. Sepertinya kematian seorang tokoh di dunia mimpi menandakan seseorang juga pasti akan menemui ajal di dunia nyata. Situasi semakin kacau ketika Tukang Topi Gila dan Kelinci Maret di Negeri Ajaib menuduh Alice sebagai pembunuh. Jika Alice dihukum mati di Negeri Ajaib, apa yang akan terjadi di dunia nyata? Sadar bahwa Imori, teman sekampusnya, juga dihantui mimpi yang sama, Ari mulai menyelidiki misteri ini bersama Imori... sebelum nyawanya sendiri melayang.",2026,360,"3,39",Suspenseful,Thrilling,Dark,covers/membunuh_alice.jpg
55,Teka-Teki Gambar Aneh,Mystery/Thriller,Uketsu,"Gambar yang dibuat seorang wanita hamil di internet... Gambar yang dibuat seorang anak kecil sebagai hadiah Hari Ibu... Gambar yang dibuat seorang korban pembunuhan di saat-saat terakhirnya... Jika dilihat sekilas, gambar-gambar ini terkesan biasa saja. Namun, jika dicermati lebih dalam, di sana-sini terdapat keganjilan... keganjilan yang akhirnya mendorong seorang detektif amatir menyusuri labirin penuh teka-teki yang mengarah pada sebuah kenyataan mengerikan. ",2026,312,"3,93",Suspenseful,Dark,Thrilling,covers/teka_teki_gambar_aneh.jpg
56,The Da Vinci Code,Mystery/Thriller,DanBrown,"Robert Langdon menerima telepon misterius yang mengundangnya ke Museum Louvre Paris pada tengah malam. Sesampai di sana, yang ditemui Langdon adalah mayat telanjang sang kurator museum dengan posisi dan tato aneh di perutnya. Langdon terkejut ketika menyadari bahwa teka-teki itu mengarah ke misteri terbesar sepanjang sejarah yang petunjuknya tersembunyi dalam karya-karya Da Vinci. Misteri tentang persaudaraan rahasia yang melibatkan nama-nama besar. Persaudaraan yang menjaga sebuah fakta sejarah yang sangat mengejutkan. Fakta yang bisa mengguncang keyakinan miliaran manusia di dunia. Dengan bantuan kriptolog Sophie Neveu, Langdon berusaha memecahkan misteri itu sambil berusaha menghindari kejaran polisi sepanjang Paris, London, dan kota lainnya. Langdon harus segera memecahkan misteri itu dan mengalahkan musuh tersembunyi yang menghadang di setiap langkah mereka dan mengancam nyawa.",2026,584,"3,94",Suspenseful,Thrilling,Dark,covers/the_da_vinci_code.jpg
57,Yang Tersisa dari Kematian,Mystery/Thriller,Chen Xue,"Li Haiyan menyimpan rahasia kelam, yaitu masa lalunya sebagai anak dari tersangka pembunuhan. Bertahun-tahun kemudian, satu telepon misterius membawanya kembali ke kampung halaman, ke hutan persik yang menyimpan lebih banyak luka daripada yang bisa dia bayangkan. Dalam pencarian kebenaran bersama seorang detektif yang juga dihantui masa lalu, mereka menggali kembali tragedi, cinta, dan rasa bersalah yang tidak pernah benar-benar mati.",2025,300,"3,98",Suspenseful,Dark,Reflective,covers/yang_tersisa_dari_kematian.jpg
58,Silent Parade,Mystery/Thriller,Kaigo Higashino,"Seorang gadis populer menghilang tanpa jejak, tulang-tulangnya ditemukan tiga tahun kemudian di puing rumah yang terbakar. Polisi menemukan beberapa bukti yang menunjukkan keterlibatan seorang laki-laki, tapi tak bisa mendapatkan bukti yang membuktikan laki-laki itu sebagai si pembunuh. Laki-laki itu ditahan tapi kemudian dibebaskan karena kurangnya barang bukti.

Ini bukanlah kali pertama laki-laki itu lolos dari jerat hukum, nyaris dua puluh tahun lalu dia diseret ke pengadilan karena sebuah kasus pembunuhan tapi akhirnya dibebaskan karena bukti yang tidak memadai. Si tersangka dengan cerdik mengeksploitasi sebuah celah hukum, dan membuat frustrasi Kusanagi, polisi yang bertugas menyelidiki kedua kasus itu.

Kusanagi berjanji untuk terus berusaha mencari bukti yang diperlukan agar pria itu diadili. Tapi tiba-tiba si tersangka ditemukan meninggal. Mengingat betapa banyaknya orang yang menginginkan kematian lakilaki itu, polisi merasa kematiannya mencurigakan. Tapi semua orang yang memiliki motif untuk membunuhnya memiliki alibi kuat.

Kusanagi memutuskan untuk sekali lagi meminta bantuan sahabatnya, Yukawa Manabu sang Detektif Galileo, untuk membantunya menyelesaikan teka-teki ini dan membuktikan kematian sang tersangka merupakan pembunuhan.",2025,512,"3,92",Suspenseful,Thrilling,Dark,covers/silent_parade.jpg
59,The Thursday Murder Club,Mystery/Thriller,Richard Osman,"Desa Pensiunan Coopers Chase selalu tenang, selalu damai, selalu membosankan. Demi bersenang-senang, Elizabeth, Ibrahim, dan Ron mendirikan The Thursday Murder Club, dan Joyce, mantan perawat, menjadi anggota terbaru mereka. Tiap Kamis, keempatnya berkumpul untuk membahas kasus-kasus pembunuhan yang tak terpecahkan.

Hingga, suatu hari, seorang pria yang bekerja sebagai kontraktor di desa itu ditemukan digebuk sampai tewas. Kasus pertama sungguhan yang bisa kelompok itu usut hingga tuntas!

Umur boleh nyaris kepala delapan, tetapi bukan berarti mereka berempat jadi lamban. Penyelidikan mereka lakukan, calon tersangka sudah diputuskan, tetapi korban lain ditemukan dan semua progres kasus pun berantakan. Ketika keluarga salah seorang anggota klub dicurigai polisi, mampukah mereka tetap objektif dan menemukan pelaku sesungguhnya dari kedua pembunuhan ini?",2025,436,"3,85",Suspenseful,Happy/Funny,Thrilling,covers/the_thursday_murder_club.jpg
60,Respati dan Tujuh Warna Kematian,Mystery/Thriller,Ragiel JP,"Setelah kasus mayat terbalik, kali ini aku harus menghadapi kasus Pelangi Kedelapan. Mimpi-mimpi yang menghantuiku kini tentang mereka yang mati dalam keadaan tubuh dilumuri cat berwarna pelangi. Selain itu, di sisi mayat selalu terdapat bunga berwarna sama dengan cat di tubuh mereka. Aku mulai berpikir, apakah kasus Pelangi Kedelapan ini ada hubungannya dengan kasus mayat terbalik? Aku sekarang bahkan dimintai tolong untuk memodifikasi mimpi seorang tunanetra, dunia mimpi yang tidak pernah terbayangkan olehku. Makin aku mempelajari dunia mimpi, makin banyak rahasia yang kutemukan. Hal itu membuatku menduga-duga, apakah masih ada Raunt lain di luar sana?",2025,360,"4,5",Suspenseful,Thrilling,Dark,covers/respati_dan_tujuh_warna_kematian.jpg
61,Margo dan Rahasia Setengah Abad,Mystery/Thriller,Aghnia Sofyan,"Margo berhasil meraih beasiswa untuk jadi siswi SMA Manggala Utama yang super ngetop! Akhirnya, Margo tinggal selangkah lagi untuk bergabung ke ekskul impiannya, Manggala Future (MF), yang selalu mencetak calon-calon pengusaha sukses. Namun, langkah Margo dijegal oleh Raja si tukang rundung. Raja menantang Margo untuk menyiapkan uang lima belas juta sebagai tanda kontribusi di ekskul MF yang elite! Di saat itulah, Margo mendapat petunjuk tentang harta karun yang terkubur di balik tembok sekolah.",2025,304,"4,39",Hopeful,Suspenseful,Inspiring,covers/margo_dan_rahasia_setengah_abad.jpg
62,Kendat,Mystery/Thriller,Angga Wiwaha,"Atas terjadinya tiga kasus bunuh diri yang aneh dan berbarengan di Kota P, sontak media massa kompak menjuluki kota itu sebagai Kota Kendat. Kota Gantung Diri. Arya Fakhruddin, seorang wartawan media lokal, ditugaskan untuk menelusuri kebenaran di balik kasus ini sampai tuntas. Bosnya, Parait Siregar, mencurigai bahwa ketiga peristiwa itu diorkestrasi oleh seseorang. Tanpa dinyana, pihak kepolisian mencurigai bos media lokal itulah yang terlibat, akibat terkait langsung dengan percobaan bunuh diri seorang artis besar ibukota. Dalam usahanya, Arya pun harus berkejaran dengan waktu dan polisi untuk mengungkap kebenaran kasus ini, atau citra kota tercintanya sebagai Kota Kendat akan abadi di benak masyarakat.",2025,320,"3,29",Suspenseful,Thrilling,Dark,covers/kendat.jpg
63,A Curtain Twitcher's Book of Murder,Mystery/Thriller,Gay Marris,"“Tanyakan kepada warga Atbara Avenue, seberapa baik mereka mengenal tetangganya?” London, 1968. Atbara Avenue tampak seperti jalanan pinggiran biasa. Namun, di balik tirai yang tertutup rapat, tersembunyi banyak rahasia gelap. Di jalan ini, pembunuhan bukanlah sesuatu yang mengejutkan. Bahkan malah menjadi solusi. Antara ibu dan anak, pasangan kekasih, saudara kembar, atau bahkan orang asing, tidak ada yang benar-benar aman. Pada siang hari, kehidupan berjalan normal. Seolah semuanya baik-baik saja. Namun, benarkah begitu? Atau justru, semakin akrab kau dengan tetanggamu, semakin besar bahaya yang mengintaimu?",2025,268,"3,92",Dark,Suspenseful,Thrilling,covers/a_curtain_twitchers_book_of_murder.jpg
64,Kandidat Terlarang,Mystery/Thriller,Ana Latifa,"Tiga tahun lalu, kakaknya ditemukan tewas. Polisi kehabisan petunjuk. Sementara itu, orangtuanya yakin bahwa Laut pelakunya. Sekarang, seorang kandidat Ketua OSIS kesayangan sekolah diserang hingga dilarikan ke IGD. Semua spekulasi, lagi-lagi, mengarah kepada Laut sebagai pelaku. Seorang biang onar yang mencalonkan diri menjadi ketos jelas-jelas mencurigakan. Meski semua jari menunjuknya, Laut bersikeras mengaku tidak bersalah. Saat mencoba membersihkan namanya, Laut justru menarik benang-benang masa lalu yang belum tuntas. Hingga perlahan, Laut sadar bukan hanya posisinya sebagai kandidat yang terancam—melainkan juga hidupnya.",2025,200,"3,73",Suspenseful,Thrilling,Dark,covers/kandidat_terlarang.jpg
65,How to Kill Your Husband,Mystery/Thriller,Aghnia Sofyan,"Aku ingin membunuh suamiku. Apakah kau juga begitu? Akui saja. Setidaknya pasti ada sedikit keinginan itu di hatimu. Kalau tidak, untuk apa kau membaca tulisan ini? * Seorang pria tewas karena jatuh dari ketinggian. Petunjuk yang ada mendorong Inspektur Polisi Satu Bonita Gamal untuk mencurigai Serena Natalegawa, istri korban. Namun, penyelidikan menuntun Boni pada rahasia gelap orang-orang terdekat korban yang saling berkelindan. Benarkah Serena telah membunuh suaminya sendiri? Atau semua ini tak sesederhana yang Boni kira?",2025,272,"4,34",Suspenseful,Dark,Thrilling,covers/how_to_kill_your_husband.jpg
66,Another Monster: The Investigative Report,Mystery/Thriller,"Wener Weber, Naoki Urasawa, Takashi Nagasaki","Apa alasan dan proses di balik kehancuran Kinderheim 511, serta bagaimana itu bisa terjadi? Apa rahasia dan tujuan di balik eksperimen yang terjadi di “Griya Mawar Merah”? Siapakah Franz Bonaparta dan ibu si kembar? Kini isi cerita dari kartun animasi The Magnificent Steiner akan diungkap untuk pertama kalinya! Dan apakah novel horor Dorn im Dunklen serta buku cerita Das Schlafende Monstrum itu? Sebuah pengungkapan lengkap dari catatan Grimmer. Misteri yang tersembunyi pada buku cerita yang baru ditemukan. Apakah ada monster lainnya?",2025,440,"4,26",Suspenseful,Dark,Reflective,covers/another_monster_the_investigative_report.jpg
67,Kota Kertas,Mystery/Thriller,John Michael Green,"Saat Margo Roth Spiegelman mengajak Quentin Jacobsen pergi tengah malam—berpakaian seperti ninja dan punya daftar panjang rencana pembalasan—cowok itu mengikutinya. Margo memang suka menyusun rencana rumit, dan sampai sekarang selalu beraksi sendirian. Sedangkan Q, ia senang akhirnya bisa berdekatan dengan gadis yang selama ini hanya bisa dicintainya dari jauh tersebut. Hingga pagi datang dan Margo menghilang lagi. Gadis yang sejak dulu merupakan teka-teki itu sekarang jadi misteri. Namun, ada beberapa petunjuk. Semuanya untuk Q. Dan cowok itu pun sadar bahwa semakin ia dekat dengan Margo, semakin ia tidak mengenal gadis tersebut.",2025,360,"3,7",Reflective,Hopeful,Suspenseful,covers/kota_kertas.jpg
68,Malam Sunyi Hercule Poirot,Mystery/Thriller,Sophie Hannah,"Tanggal 19 Desember 1931. Hercule Poirot dan Inspektur Edward Catchpool sedang menantikan liburan Natal yang damai ketika mereka dipanggil menyelidiki kasus pembunuhan seorang pria di rumah sakit di Norfolk. Cynthia Catchpool, ibu Edward, bersikeras Poirot ikut dengannya dan tinggal di mansion yang nyaris runtuh di tepi pantai, supaya mereka semua bisa melewatkan Natal bersama sambil menyelidiki kasus. Dalam penyelidikannya, Poirot menyadari bahwa korban adalah mantan kepala kantor pos yang disukai banyak orang. Kepolisian setempat gagal menemukan seseorang yang bisa memasuki kamar rawat rumah sakit dan membunuh korban di depan para staf rumah sakit. Teman Cynthia, Arnold, akan segera masuk rumah sakit yang sama dan istri Arnold yakin bahwa Arnold akan menjadi korban berikut si pembunuh, walaupun ia menolak menjelaskan alasannya. Tanpa motif dan tersangka yang jelas, Poirot punya waktu kurang dari seminggu untuk memecahkan kasus tersebut dan mencegah terjadinya pembunuhan lain, jika ia ingin melarikan diri dari mimpi buruk melewatkan Natal di Norfolk. Sementara itu, seseorang berdarah dingin juga sedang berencana melakukan sesuatu pada Hercule Poirot.",2025,368,"3,68",Suspenseful,Thrilling,Dark,covers/malam_sunyi_hercule_poirot.jpg
69,The Otherwhere Post,Mystery/Thriller,Emily J. taylor,"Tujuh tahun lalu, terjadi pembunuhan massal yang menewaskan semua penduduk salah satu dari tiga dunia yang diakui. Dan, ayah Maeve menjadi tersangka utama. Terpaksa hidup dalam persembunyian, Maeve mendadak mendapatkan surat anonim yang menyatakan: Ayahmu tidak bersalah. Bertekad untuk mencari tahu, Maeve pun memalsukan identitas agar bisa menjadi magang di The Otherwhere Post, satu-satunya tempat yang mengajari para kurirnya seni tera scriptomancy—sejenis sihir gelap dan berbahaya—yang membuat mereka mampu berpindah di antara dua dunia yang tersisa, untuk mengantarkan surat dari orang-orang yang terpisah jarak. Satu-satunya tempat yang menyimpan semua catatan pengiriman surat. Sekaligus tempat ayah Maeve berkembang menjadi scriptomancer yang sangat hebat. Namun, baru beberapa jam, penyamarannya sudah dibongkar oleh Tristan, kurir yang ditunjuk sebagai mentornya. Dan, dalam hitungan minggu, Maeve berulang kali nyaris tewas karena jelas ada yang tidak suka dia melakukan investigasi terkait sejarah kelam sang ayah. Maeve tahu dia makin dekat dengan kebenaran. Namun, ketika hidup orang-orang di sekitarnya ikut terancam, Maeve harus memilih: tetap berjuang membersihkan nama ayahnya sekaligus membebaskan hidupnya sendiri, atau kembali melarikan diri sebelum seseorang benar-benar mati?",2025,483,"3,96",Suspenseful,Thrilling,Dark,covers/the_otherwhere_post.jpg
70,Misteri Aksara Kematian,Mystery/Thriller,RAGIEL JP,"Aksara dan Alinea sedang mempersiapkan perlombaan drama yang akan diikuti klub drama Sekolah Tunas Bangsa ketika berita kematian Sinta menyebar. Sementara itu, Julian, si anak fotografi yang menemukan Sinta dalam keadaan mati gantung diri, menuduh klub drama lah yang telah membunuh gadis itu. Hasil penyelidikan polisi menyimpulkan bahwa kasus kematian Sinta mirip dengan kasus kematian seorang gadis lain sebelumnya. Kedua kematian itu memiliki benang merah dengan platform penulisan bernama Aksara Kematian (AK). Aksara dan Alinea pun ikut membantu polisi memecahkan kasus, sekaligus untuk membuktikan bahwa klub drama tidak bersalah, tanpa mereka sadari ada sesuatu yang besar membahayakan nyawa mereka.",2025,280,"3,68",Suspenseful,Thrilling,Dark,covers/misteri_aksara_kematian.jpg
71,Apartemen Sebelas,Mystery/Thriller,Mare,"Jihan Zahrani dan teman-temannya di majalah Akhbaruna mendapatkan banyak berita kriminal pasca revolusi Mesir 2011. Nahas, dari semua pemberitaan kriminal, salah satu­nya terjadi di gedung Apartemen Sebelas, tempat tinggal Jihan. Pemerkosaan. Pembunuhan. Bunuh diri. Jihan pun berada di persimpangan: mampukah ia bertahan di apartemen ini, atau haruskah ia pergi? Karena kini, ada sebuah bola mata yang memata-matai",2025,216,"2,94",Dark,Suspenseful,Thrilling,covers/apartemen_sebelas.jpg
72,November Fog,Mystery/Thriller,Ariya Gesang,"Di tengah maraknya aksi pengeboman terhadap tempat-tempat ibadah, kepolisian kembali dibuat kebingungan oleh serangkaian pembunuhan sadis yang korbannya adalah para pejabat penting. Anehnya, setiap adegan pembunuhan tampak persis seperti yang tertulis dalam novel horor berjudul Jombi. Apakah ini kebetulan, ataukah sang pembunuh terinspirasi dari halaman-halaman kelam novel itu? Mungkinkah si penulis sendiri terlibat, atau ada dalang yang lebih licik di balik semua ini? Satu hal yang pasti, polisi harus berpacu dengan waktu sebelum imajinasi dalam dunia fiksi berubah menjadi kenyataan yang kelam.",2025,288,"4,36",Suspenseful,Thrilling,Dark,covers/november_fog.jpg
73,The Fourth Monkey,Mystery/Thriller,J.D. Barker,"Tewasnya seorang pria yang tertabrak—entah murni kecelakaan atau sengaja menabrakkan diri—menyisakan tanda tanya besar. Pasalnya, ia membawa sebuah kotak berisi potongan telinga. Disinyalir, ia adalah Pembunuh Empat Monyet, buron polisi selama hampir lima tahun. Dengan dalih filosofi Tiga Monyet Bijak, ia selalu memotong telinga, lidah, dan mencongkel mata korban-korbannya sebelum membunuhnya. Polisi dan detektif pun berusaha menguak kebenarannya lewat barang bukti yang tertinggal, termasuk buku harian tentang masa kecil sang pembunuh. Sementara itu, di satu tempat entah di mana, seorang gadis sedang berusaha bertahan hidup dengan satu telinga.",2024,508,"4,25",Suspenseful,Thrilling,Dark,covers/the_fourth_monkey.jpg
74,Misteri Bilik Korek Api,Mystery/Thriller,Ruwi Meita,"Sunday, gadis berdarah Ambon yang tak pernah melihat Ambon, mendedikasikan hidupnya untuk membantu dan mengurus anak-anak panti asuhan tempat dia juga diasuh. Semua anak menyukainya dan menjadi sahabatnya, kecuali Emola—yang juga seorang gadis Ambon, tetapi berperilaku misterius dengan masa lalu yang gelap. Sejak mereka pindah ke panti asuhan baru dan menemukan sebuah bilik tersembunyi yang dipenuhi dengan korek api, perilaku Emola menjadi makin misterius dan aneh. Satu per satu anak-anak panti asuhan pun mengalami kecelakaan yang janggal. Apakah Emola adalah penyebab semua kejadian ini? Ataukah ada kekuatan jahat lain yang mengintai dari balik bayangan?",2024,224,"3,86",Suspenseful,Dark,Thrilling,covers/misteri_bilik_korek_api.jpg
75,Detektif Swasta Mami Suzuki,Mystery/Thriller,Simon Rowe,"Di balik pesona jalanan yang teratur dan penduduk yang tertib, kota pelabuhan Kobe sesungguhnya tidak baik-baik saja. Bisnis mengalir segencar angin musim semi Haru-ichiban bagi Mami Suzuki, pegawai hotel pada siang hari, detektif swasta pada malam hari. Siapakah yang berani mencuri dari seorang pedagang mutiara terbesar di Jepang? Di manakah keberadaan seorang koki sushi ternama dan mengapa pisaunya turut lenyap? Apa sesungguhnya penyebab tewasnya saudara seorang guru upacara minum teh? Dan apa hubungan pulau kucing dengan seorang perawan kuil Shinto yang hamil? Dari pelabuhan Kobe hingga pesisir Laut Jepang, wilayah subtropis Okinawa, dan pulau terpencil di Laut Pedalaman Seto, setiap petualangan baru menghasilkan kebenaran yang mutlak—bahwa ada dua sisi dalam setiap cerita nahas.",2024,300,"3,86",Suspenseful,Reflective,Thrilling,covers/detektif_swasta_mami_suzuki.jpg
76,Darah di Meadowbrook,Mystery/Thriller,Jessica Goodman,"Tragedi itu terjadi pada minggu pertama tahun senior di akademi Meadowbrook. Amy terbangun dalam kesunyian kamar asrama yang ditempatinya bersama Sarah. Aneh. Biasanya suara tawa cekikikan Sarah atau lagu ABBA akan terdengar begitu Amy keluar dari ruangan tempat tidurnya. Pagi ini berbeda. Semalam mereka bertengkar hebat. Selama mereka bersahabat, rasanya baru kali ini Amy sangsi proses berbaikan mereka akan menjadi hal yang mudah. Kali ini, giliran Sarah yang HARUS meminta maaf padanya. Tiba-tiba, Amy mencium bau anyir yang menusuk. Menyengat dan memenuhi kamar mereka. Amy pun mendekati ruangan tempat tidur Sarah. Lalu berteriak memanggil Sarah dengan sangat lantang. Yang dilihatnya, lampu di kamar Sarah terguling di lantai. Noda merah tebal mengering di lantai kayu di dekat jendela. Amy pun menjerit.",2026,408,"3,55",Suspenseful,Dark,Thrilling,covers/darah_di_meadowbrook.jpg
77,Inflicting Fear,Mystery/Thriller,Nadia Hana Abraham,"Lila Stone menemukan dirinya terbangun di dalam sebuah peti batu. Ia terjebak dan hanya menunggu waktu hingga ajal menjemputnya. Inilah ketakutan terbesarnya, yaitu terperangkap dan menjadi tidak berdaya, lalu mati secara perlahan-lahan dalam bayangan dosa masa lalu. Di dalam kegelapan dan berjuang untuk menahan kematiannya, ia tahu bahwa dendam menolak untuk diabaikan. Kekasih Lila, Michael Auden meminta bantuan Seraia Prescott, seorang pemburu vampir dan penyelidik amatir untuk mencari keberadaan Lila. Penyelidikan Seraia membawanya ke Kota Amber Rose di mana dua jenazah wanita yang mengenaskan ditemukan dan seorang anak menghilang. Sekilas, ketiga kasus ini kelihatannya tidak saling terhubung. Namun semakin dalam penyelidikan Seraia berkembang ke kebenaran, semakin Seraia menyadari bahwa masa lalu Lila telah menyeretnya ke dalam mimpi buruk penuh teror di mana batas antara cinta, dendam, obsesi, dan pengkhianatan mengabur.",2026,400,4,Dark,Suspenseful,Thrilling,covers/inflicting_fear.jpg
78,Rumah Lebah,Mystery/Thriller,Ruwi Meita,"Mala, gadis kecil berusia enam tahun yang terobsesi dengan ensiklopedia. Dia hanya membaca buku ensiklopedia dan selalu mengurutkan buku satu sampai buku terakhir dari sisi kiri ke sisi kanan. Dia juga tertarik dengan beruang. Di rumah, Mala hanya tinggal bersama orangtuanya, tetapi dia selalu membicarakan enam orang asing yang hidup bersama di dalam rumahnya. Dia selalu takut pada Satira, bersahabat dekat dengan Wilis, berbicara dengan Tante Ana yang suka berdandan, belajar bahasa Spanyol dengan Abuela, dan si Kembar yang hanya bisa mendengar, melihat dan mencatat. Siapakah sebenarnya enam orang asing yang selalu dibicarakan Mala? Rahasia apakah yang dimiliki oleh enam orang asing tersebut?",2026,284,"4,2",Suspenseful,Dark,Reflective,covers/rumah_lebah.jpg
79,Sang Eksekutor,Mystery/Thriller,Tere Liye,"Di sebuah negeri, penegakan hukum kacau balau. Pada yang kecil hukum sangat bengis, pada yang kuat hukum bisa diatur semaunya. Maka seorang eksekutor datang menghabisi petinggi negeri. Mulai dari menteri, jenderal polisi, jaksa, hakim, pengacara, dibunuh satu per satu. Negeri itu menjadi chaos, rakyat terinspirasi dari pembunuhan berantai itu, demonstrasi besar meletus di mana-mana. Siapa Sang Eksekutor ini? Apa masalahnya dengan masa lalu? Dan, apakah nasib Presiden berakhir sama di tangan Sang Eksekutor?",2026,368,"4,5",Suspenseful,Thrilling,Dark,covers/sang_eksekutor.jpg
80,Dracula,Mystery/Thriller,Bram Stoker,"Ketika Dracula akhirnya berlayar ke Inggris, teror mulai menghantui kota London. Ia menyebarkan kegelapan dan menggoda korbannya dengan pesona misteriusnya. Salah satu korbannya, Lucy Westenra, menjadi sasaran utama kekuatan jahat sang vampir. Dalam upaya menyelamatkan Lucy dan mencegah Dracula menyebarkan kutukannya, sekelompok sahabat yang dipimpin oleh Profesor Abraham Van Helsing berjuang melawan kekuatan gaib yang nyaris tak terkalahkan. Melalui surat, catatan harian, dan laporan, Dracula menampilkan ketegangan yang mencekam tentang pertarungan antara kehidupan dan kematian, iman dan kegelapan, serta ketakutan manusia terhadap yang tidak diketahui. Ini adalah kisah tentang keberanian, pengorbanan, dan upaya gigih untuk menghentikan kekuatan jahat yang mengancam umat manusia. Dracula karya Bram Stoker adalah novel gotik klasik yang membawa pembaca ke dalam dunia kegelapan dan teror abadi.",2026,608,"4,02",Dark,Thrilling,Suspenseful,covers/dracula.jpg
81,Origin,Mystery/Thriller,DanBrown,"Robert Langdon diundang menghadiri acara pengungkapan penemuan Edmond Kirsch, seorang miliarder sekaligus ilmuwan komputer, di Museum Guggenheim, Spanyol. Kirsch yang ateis, sesumbar temuannya akan mengubah wajah dunia selamanya. Temuan yang diklaim akan menjawab dua pertanyaan fundamental eksistensi manusia itu digelar secara langsung melalui Internet dan disiarkan ke seluruh dunia. Namun, terjadi kekacauan. Kirsch terbunuh, sementara Langdon malah dituduh terlibat dalam pembunuhan dan menculik tunangan calon raja Spanyol. Langdon harus berkejaran dengan waktu untuk membuktikan bahwa dia tak bersalah, sekaligus mengungkap apa sebenarnya temuan Kirsch yang membuat pria itu harus kehilangan nyawa. Menyusuri koridor-koridor gelap rahasia sejarah dan agama, Langdon harus berpikir cepat untuk mengungkapkan rahasia sekaligus menghindari musuh yang sepertinya tahu segala dan mendapat dukungan dari Istana Kerajaan Spanyol. Berhasilkah Langdon memecahkan teka-teki temuan Kirsch yang sepertinya menyalakan api konspirasi jahat di seluruh dunia? Tokoh-tokoh agama terbunuh, kaum fanatik menebarkan ancaman, sementara musuh tersembunyi terus bisa menebak langkah mereka. Pada saat sepertinya tak ada jalan keluar, satu sosok misterius membantu Langdon di sepanjang jalan. Siapakah sosok dingin tanpa emosi ini? Akankah dia benar membantu Langdon mengungkapkan temuan Kirsch atau malah menjebak Langdon dalam kelindan konspirasi yang akan menghancurkan kemanusiaan?",2026,612,"3,9",Suspenseful,Thrilling,Reflective,covers/origin.jpg
82,Angels and Demons,Mystery/Thriller,DanBrown,"Pembunuhan keji terjadi di sebuah fasilitas rahasia di Swiss. Fisikawan Pastor Leonardo Vetra dibunuh dengan cap simbol misterius di dadanya. Simbol misterius yang memaksa kepala fasilitas rahasia memanggil Robert Langdon sang simbolog. Langdon menyadari bahwa simbol itu adalah ambigram Illuminati, organisasi bawah tanah tertua dan terkuat di dunia. Mungkinkah Illuminati yang sudah terkubur selama berabad-abad muncul kembali untuk membalas dendam pada musuh bebuyutannya—Gereja Katolik? Ketakutan terbesar Langdon menjadi nyata, ketika utusan Illuminati menanam bom waktu di jantung Kota Vatikan tepat saat konklaf pemilihan Paus berlangsung. Berpacu dengan waktu, Langdon terbang ke Roma bersama Vittoria Vetra, putri pastor yang terbunuh. Dengan bom waktu yang terus berdetak, mereka harus meyakinkan Garda Swiss akan ancaman di Vatikan, dan menguak rahasia perseteruan besar antara Gereja dan Illuminati. ",2026,366,"3,96",Suspenseful,Thrilling,Reflective,covers/angels_and_demons.jpg
83,The Lost Symbol,Mystery/Thriller,DanBrown,"Robert Langdon, sang simbolog genius yang berhasil memecahkan Da Vinci Code, kembali hadir dalam petualangan berbahaya yang penuh teka-teki. Undangan ceramah di Gedung Capitol, Washington, DC, berubah menjadi undangan kematian. Seseorang meletakkan simbol Tangan Misteri yang dibuat dari penggalan tangan Peter Solomon, sahabat dan mentor Langdon, sekaligus tokoh penting Persaudaraan Mason Sang penculik Peter meminta Langdon memecahkan kode-kode kelompok rahasia Mason yang melindungi sebuah lokasi di Washington, DC. Lokasi penyimpanan kebijakan tertinggi umat manusia, yang konon akan membuat pemegangnya mampu mengubah dunia. Menjelajahi terowongan-terowongan bawah tanah Capitol, Perpustakaan Kongres, kuil-kuil Mason, dan Monumen Washington, Langdon harus berpacu dengan waktu sekaligus menghindari kejaran CIA yang menganggapnya sebagai ancaman nasional. Sebelum tengan malam, Langdon harus sudah berhasil memecahkan teka teki kelompok Mason. Jika tidak nyawa peter akan melayang dan rahasia yang konon akan mengguncang amerika serikat dan bahkan dunia bakal tersebar.",2026,675,"3,77",Suspenseful,Thrilling,Reflective,covers/the_lost_symbol.jpg
84,Inferno,Mystery/Thriller,DanBrown,"Tengah malam, Robert Langdon terbangun di rumah sakit dan syok saat mendapati dirinya ada di Florence, Italia. Padahal, ingatan terakhirnya adalah berjalan pulang setelah memberi kuliah di Harvard. Belum sempat Langdon memahami keganjilan ini, dunianya meledak dalam kekacauan. Di depan mata, dokter yang merawatnya ditembak mati. Langdon berhasil lolos atas bantuan Sienna Brooks, seorang dokter muda yang penuh rahasia. Dalam pelarian, Langdon menyadari bahwa dia memiliki sebuah stempel kuno berisi kode-kode rahasia ciptaan ilmuwan fanatik yang terobsesi pada kehancuran dunia berdasarkan mahakarya terhebat yang pernah ditulis—Inferno karya Dante. Ciptaan genetis ilmuwan tersebut mengancam kelangsungan umat manusia, Langdon harus berpacu dengan waktu memecahkan teka-teki yang berkelindan dalam puisi-puisi gelap Dante Alighieri. Belum lagi, dia harus menghindari sepasukan tentara berseragam hitam yang bertekad menangkapnya. ",2026,592,"3,91",Suspenseful,Thrilling,Dark,covers/inferno.jpg
85,Kalau Saja Kalian Tahu,Mystery/Thriller,Jessica Goodman,"Gold Coast Prep adalah sekolah bergengsi bagi anak-anak kaum jetset di Long Island. Pada tahun pertamanya di Gold Coast Prep, Jill Newman menyaksikan sahabatnya yang cemerlang, Shaila Arnold, tewas dibunuh. Graham kekasih Shaila mengakui perbuatannya dan kasus pun ditutup. Kini Jill siswi senior, sekaligus seorang A1 yang tergabung dalam kelompok paling eksklusif di sekolah-Orang Dalam. A1 senior memegang kasta tertinggi, nilai terbaik, dan pesta terliar. Jill bersiap melewati tahun terakhir SMA-tahun terbaiknya-sebelum masuk Ivy League idamannya. Namun kesempurnaan itu terancam retak karena sebuah pesan meminta bantuan Jill untuk membuktikan Graham tidak bersalah. Ia pun terbelah antara keinginan untuk mempertahankan masa depan dan persahabatan, atau mengungkap pembunuh yang sebenarnya.",2025,432,"3,48",Suspenseful,Reflective,Thrilling,covers/kalau_saja_kalian_tahu.jpg
86,Gadis yang Tersingkir,Mystery/Thriller,Hayley Krischer,"Shade dan Jadis berbagi segalanya, mulai dari pakaian sampai sikat gigi. Mereka bahkan punya tato yang serasi. Jadis mengira mereka tidak akan berubah, tetapi kemudian Shade bergabung dengan tim pemandu sorak tanpa sepengetahuannya. Meski enggan mengakuinya, Shade sebenarnya suka menjadi bagian dari pemandu sorak; dia suka disiplin dan rutinitas pemandu sorak yang memaksanya melampaui batas kemampuan tubuhnya. Namun, keretakan antara dirinya dan Jadis menjadi makin dalam ketika dia masuk dalam lingkaran pertemanan tri Chloe—Chloe Orbach, Chloe Schmidt, dan Chloe Clarke—yang menguasai tim pemandu sorak. Persahabatan ketiga Chloe tampak sempurna di permukaan, tapi rasa sayang bercampur dengan kebencian di baliknya. Bergabungnya Shade ke antara trio Chloe serta kecemburuan Jadis memperumit dinamika mereka. Ketika perseteruan mereka berujung pada tewasnya salah satu Chloe, rasa bersalah dan tanggung jawab membuat Shade bertekad menemukan pelakunya.",2025,408,"3,58",Suspenseful,Reflective,Dark,covers/gadis_yang_tersingkir.jpg
87,Pasarampok,Mystery/Thriller,Arsyanendra,"Gara-gara kantornya di Jakarta digerebek polisi, Halim memutuskan kembali ke kampung halamannya, Ciguyur, dalam upaya melarikan diri. Nahas, Ciguyur justru sedang tidak baik-baik saja. Pemuda-pemudi menghilang, tak terkecuali anak tetua adat. Halim yang mencari keselamatan justru dianggap juru selamat. Sebagai satu-satunya sarjana di sana, ia menjadi harapan untuk mengakhiri teror yang mengintai Pasar Ciguyur—pasar yang dianggap sebagai biang kerok dari masa ke masa, bahkan dinobatkan sebagai “Pasar Rampok”. Lalu, apakah kini para rampok itu justru berbalik menjadi korban? Dengan statusnya sebagai buronan, Halim harus bertarung melawan stigma demi menyelamatkan diri dan keluarganya. Karena, Ciguyur kudu sing guyub. Ciguyur harus merangkul satu sama lain, saling membantu, selayaknya satu keluarga.",2025,232,"3,87",Reflective,Suspenseful,Dark,covers/pasarampok.jpg
88,Gadis-Gadis Histeris di Sekolah St. Bernadette,Mystery/Thriller,Hanna Alkaf,"St. Bernadette di Kuala Lumpur, Malaysia, adalah sekolah incaran para gadis karena terkenal selalu menghasilkan lulusan terbaik. Meski ada kasus-kasus jeritan di sana. Ketika suatu hari ada siswa menjerit saat pelajaran berlangsung, terjadilah reaksi berantai yang mempengaruhi seluruh isi sekolah. Khadijah punya luka masa lalu, dan menyaksikan teman-temannya histeris membuat luka-luka lama yang ingin disembunyikannya kembali terkoyak. Saat Aishah, adiknya sendiri, jadi korban jeritan, Khad tahu hanya dirinyalah yang dapat menyelamatkan sang adik. Rachel selalu sibuk memenuhi harapan ibunya yang ambisius, padahal ia juga punya keinginan sendiri. Waktu ia akhirnya mendapat kesempatan bersuara, yang terjadi malah jeritan. Bersama-sama, kedua gadis ini menggali sejarah kelam sekolah, mengungkap kebenaran. Mereka tak tahu bahwa ada kegelapan mengintai, mengawasi, menunggu, dan mencari korban selanjutnya.",2025,360,"3,54",Suspenseful,Dark,Reflective,covers/gadis_gadis_histeris_disekolah.jpg
89,Sang Pelari,Mystery/Thriller,Stephen King,"Pada tahun 2025, ekonomi dunia ambruk total dan Amerika telah berubah menjadi dystopia totaliter. Ben Richards, pria berusia 28 tahun dari Co-Op City, menganggur dan tertimpa sial. Putrinya yang berusia delapan belas bulan jatuh sakit, dan Ben maupun istrinya tak mampu membawanya berobat ke dokter. Bagi seseorang dari wilayah miskin kota, tanpa uang dan harapan, hanya satu hal yang dapat dilakukan: menjadi kontestan dalam salah satu Network’s Games—stasiun TV yang dikelola pemerintah dan menayangkan acara permainan brutal. Pesertanya dapat meraih uang sangat banyak—atau mati dalam Permainan itu. Sekarang Ben akan tampil pada jam tayang utama di acara Network yang berperingkat tertinggi dan melibatkan partisipasi penonton. Dan dia akan menjadi mangsa bagi masyarakat.",2025,304,"3,88",Thrilling,Dark,Reflective,covers/sang_pelari.jpg
90,Cerita Empat Musim#1 (Different Seasons#1),Mystery/Thriller,Stephen King,"Rita Hayworth and Shawshank Redemption, Andy Dufresne dipenjara atas pembunuhan istrinya, walaupun dia tidak bersalah. Andy menjalin persahabatan dengan sesama narapidana, Ellis Redding. Selama puluhan tahun mereka menghadapi masa-masa berat di Shawshank, namun Andy tidak putus asa, dan kecerdasannya dalam menyusun rencana membawa mereka ke pelarian yang mendebarkan dan tak terlupakan. Dalam Apt Pupil, Todd Bowden terobsesi pada tetangganya yang lanjut usia, seorang mantan penjahat perang Nazi. Rasa ingin tahu Todd lekas berubah menjadi obsesi berbahaya saat dia berusaha mempelajari rahasia tergelap tetangganya, dan batasan antara korban dan predator mulai kabur.",2025,512,"3,25",Hopeful,Reflective,Thrilling,covers/different1.jpg
91,Cerita Empat Musim#2 (Different Seasons#2),Mystery/Thriller,Stephen King,"The Body, yang berlatar pada tahun 1960-an, empat anak lelaki berusia dua belas tahun—Gordie, Chris, Vern, dan Teddy— memulai perjalanan untuk mencari mayat seorang anak yang hilang di hutan. Semula ini hanyalah suatu petualangan sederhana, tapi dengan cepat berubah menjadi kisah pendewasaan yang penuh makna, saat para bocah ini menghadapi ketakutan dan masalah-masalah pribadi mereka. Sepanjang perjalanan, ikatan pertemanan mereka semakin kuat, dan mereka tahu bahwa perjalanan ini akan mengubah hidup mereka selamanya. Dalam Breathing Method, seorang dokter menceritakan kisah aneh tentang seorang wanita yang gigih berusaha melahirkan dengan cara yang tak biasa, meski menghadapi komplikasi serius. Cerita ini mengeksplorasi tema-tema tentang kematian, perjuangan untuk bertahan hidup, dan hal-hal yang supranatural.",2025,440,"3,33",Reflective,Dark,Suspenseful,covers/different2.jpg
92,Daftar Sang Hakim,Mystery/Thriller,John Grisham,"Ayah Jeri Crosby dibunuh dua puluh tahun silam dalam sebuah kasus yang hingga kini belum terpecahkan, namun Jeri punya satu tersangka yang sudah lama dicurigainya. Dia terobsesi, bahkan membuntuti pria itu selama dua dekade. Dalam prosesnya, Jeri menemukan korban-korban lainnya. Jeri Crosby meminta bantuan Lacy Stolz untuk menangkap pembunuh ayahnya. Pria ini sangat cerdas, sabar, dan selalu selangkah lebih maju dari aparat penegak hukum. Dia menguasai ilmu forensik, prosedur kepolisian, dan terutama: dia memahami hukum. Dia menyimpan catatan tentang semua korban dan calon-calon korbannya. Lacy harus berjuang untuk menjatuhkannya, sambil berusaha keras agar namanya tidak ikut masuk dalam daftar calon korban.",2025,496,"4,14",Suspenseful,Thrilling,Dark,covers/daftar_sang_hakim.jpg
93,Di Balik Pintu Loteng,Mystery/Thriller,Freida McFadden,"Millie Calloway yang sedang mencari awal baru sangatlah bahagia ketika mendapat pekerjaan sebagai asisten rumah tangga di rumah keluarga Winchester yang kaya raya. Apalagi pekerjaan tersebut memungkinkannya tinggal di rumah itu, meski kamarnya hanyalah kamar kecil di loteng. Tugasnya hanyalah membersihkan rumah mewah itu serta memasak. Namun, seiring waktu, Millie mulai menyadari bahwa ada yang mencurigakan di rumah itu. Nina bersikap aneh dan manipulatif, sementara suaminya, Andrew, tampak terlalu sempurna. Ketika Millie menemukan pintu terkunci di lantai atas dan mendengar suara-suara aneh di malam hari, ia mulai curiga bahwa keluarga ini menyimpan rahasia yang lebih kelam darinya. Ia pun harus memutuskan apakah akan tetap tinggal demi pekerjaan dan tempat tinggalnya—atau melarikan diri sebelum semuanya terlambat.",2025,408,"4,27",Suspenseful,Thrilling,Dark,covers/di_balik_pintu_loteng.jpg
94,Hilang di Wonju,Mystery/Thriller,Tsugaeda,"""Kamu akan mendapat penugasan jangka pendek ... ke Korea."" Penugasan ke Korea seharusnya menjadi penyelamat bagi karier Iptu Hani Rustaman yang sedang di ujung tanduk. Jika bisa membantu memecahkan kasus hilangnya Felisia--gadis dari Jakarta--di Korea, mungkin jalan hidupnya di kepolisian masih bisa diselamatkan. Namun, kehadiran Hani diremehkan dan ditolak Kepolisian Korea. Meski jengkel atas penolakan tersebut, Hani memutuskan untuk melanjutkan penyelidikannya. Bersama Detektif Lee Kyungseok--detektif yang ditugaskan untuk mendampinginya--Hani mulai menyusun kepingan petunjuk yang membawa mereka lebih jauh ke dalam labirin teka-teki penyelamatan Felisia. Koper yang sengaja dibuang, rumor Pembunuh Saputangan, hingga ritual angka tujuh yang mengerikan menyadarkan Hani bahwa misi penyelamatan Felisia lebih pelik daripada yang dia bayangkan.",2025,180,"3,92",Suspenseful,Thrilling,Dark,covers/hilang_di_wonju.jpg
95,Flash Drive,Mystery/Thriller,DENKUS,"Seseorang dengan baju serba hitam tiba-tiba melemparkan kotak hitam kecil ke teras rumah Ben saat dia sedang bersiap berangkat sekolah. Ben penasaran. Ternyata paket-paket serupa bukan baru kali ini saja dilemparkan. Kedatangan paket lain berisi flash drive dengan potongan video pembunuhan membuatnya mengalami rentetan kejadian mengerikan. Ben ketakutan. Dia hanya ingin kehidupan remaja biasanya kembali. Dengan bantuan dua sahabatnya, Arya dan Vero, Ben berlari dan bersembunyi. Pertemuannya dengan Jo, polisi yang juga berusaha menyelidiki sebuah kasus tak terpecahkan, membuatnya melihat benang merah dari semua kejadian yang dialaminya. Dia hanya berharap, benang merah itu tidak akan membuatnya kehilangan nyawa.",2025,296,4,Suspenseful,Thrilling,Dark,covers/flash_drive.jpg
96,The Day of Kidnapping,Mystery/Thriller,Jeong Hai-Yeon,"""Kau sudah masuk?"" ""Belum, hampir sampai."" BRAK! ""Ada apa?"" Kim Myeong-jun tak lagi mendengar suara mantan istrinya di sepiker. Buru-buru dia turun dari mobil untuk memeriksa apa yang sudah ditabraknya. Dia sedang berada di depan rumah Choi Jin-tae, seorang profesor dan dokter terkenal. Betapa kagetnya dia saat mendapati anak yang dia tabrak adalah Choi Ro-hee, calon korban yang memang harus diculiknya malam itu. Dalam keadaan panik, Myeong-jun bergegas membawa anak itu dengan mobilnya, ke rumahnya. Untung baginya, anak itu selamat. Kalau tidak, dia akan kesulitan meminta tebusan kepada orangtua si anak. Namun, ketika anak itu tersadar, dia sama sekali tak mengingat identitasnya. Berkali-kali Myeong-jun berusaha menghubungi Choi Jin-tae untuk meminta tebusan atas anaknya, tapi sama sekali tak ada respons. Akhirnya, Myeong-jun memutuskan untuk mengembalikan anak itu ke rumahnya. Tapi, saat mereka tiba, ternyata rumah itu sudah ramai, oleh polisi dan tetangga. Choi Jin-tae dan istrinya didapati meninggal di kediaman mereka. Myeong-jun bingung. Siapa pelaku pembunuhan itu? Bagaimana nasib Ro-hee nantinya?",2025,352,"3,97",Suspenseful,Thrilling,Dark,covers/the_day_of_kidnapping.jpg
97,Kelopak-Kelopak Mawar,Mystery/Thriller,Elia Bintang,"Hal berikutnya yang kutahu: aku sudah mati. Karbon Monoksida membunuhku. Aku melihat pacarku, Mawar, menangis histeris seperti orang gila. Teman-temanku yang perempuan memeluknya sambil menangis juga. Teman-temanku yang lelaki berusaha tetap tenang dan tegar dan berpikir apa yang harus dilakukan. Ibuku pingsan begitu mendengar kabar itu. Ayahku terduduk di lantai dengan mata kosong dan mulut ternganga. Itu adalah kematian yang tragis. Aku adalah anak mereka satu-satunya, satu-satunya pacar yang pernah dimiliki Mawar dalam hidup. Dan usiaku masih dua puluh. Kematian pada titik itu adalah bencana setara tsunami pada pagi yang merdu.",2025,168,3,Sad,Reflective,Hopeful,covers/kelopak_kelopak_mawar.jpg
98,"Good Girl, Bad Blood",Mystery/Thriller,Holly Jackson,"Pip bukan lagi detektif. Dengan bantuan Ravi Singh, dia meluncurkan siniar true-crime tentang kasus pembunuhan yang mereka pecahkan bersama di tahun lalu. Siniar mereka viral, tapi Pip sudah berjanji pada keluarganya bahwa dia tidak akan jadi detektif lagi. Sayangnya, janji itu terpaksa dilanggar. Seseorang yang dia kenal, menghilang. Tak seorang pun tahu di mana Jamie Reynolds berada setelah malam memorial untuk mengenang Andie Bell dan Sal Singh. Polisi masih bergeming, tak kunjung menyelidiki. Kalau pihak berwajib tidak mau mencari Jamie, Pip yang akan melakukannya. Bisakah Pip menemukan Jamie sebelum sesuatu yang buruk menimpa cowok itu?",2025,440,"4,25",Suspenseful,Thrilling,Dark,covers/good_girl_bad_blood.jpg
99,Memories of a Name,Mystery/Thriller,L. Zeth,"Sepuluh jam. Lima orang. Satu nama. Ketika membuka mata, tiba-tiba saja Matthew sudah berada di sekolah lamanya, SMA Polaris. Dia tidak ingat bagaimana caranya bisa sampai ke sekolah tersebut, padahal SMA Polaris sudah ditutup. Di tengah gelapnya sekolah itu, ponsel di tangan Matthew bergetar. Bukan, itu bukan ponsel Matthew, tapi benda itu berada dalam ranselnya tadi. Mungkin ada seseorang yang dengan sengaja memasukkannya ke sana. Pemuda itu menyalakan ponsel, dan pesan di layar berbunyi, “Sebutkan nama orang yang kalian bunuh tahun lalu!""",2025,288,"3,79",Suspenseful,Thrilling,Dark,covers/memories_of_a_name.jpg
100,Satu Pendendam (One of Us is Back),Mystery/Thriller,Karen M. McManus,"Bayview High seakan tidak bisa dibuat tenang. Salah satu papan reklame digital di pusat kota menayangkan iklan yang menarik perhatian. SAATNYA PERMAINAN BARU, BAYVIEW. Hanya itu kata-katanya, warna merah dengan latar belakang putih bersih. Lalu selebaran dengan kalimat yang sama pun ada di mana-mana. Kemudian salah satu Kru Bayview menghilang. Permainan yang disebut di papan reklame itu menjadi urusan serius bagi anggota Kru Bayview yang lain. Permainan yang tak satu pun dari mereka mengerti aturannya. Semua orang bisa menjadi targetnya. Masalahnya, Simon selalu mengatakan hal yang benar tentang rahasia---semua pasti akan terbongkar. Dan Bayview masih punya banyak rahasia yang disembunyikan. Rahasia yang berujung pada dendam.",2024,424,"3,95",Suspenseful,Thrilling,Dark,covers/satu_pendendam.jpg
101,Ketika Anak-Anak Pergi,Fantasy,Ziggy Zezsyazeoviennazabrizkie,"AAAAAAAAAAAA!!!! KELUARKAN MI!! MIIIIIIIII!!!! MI DITANGKAAAAAAP! KEMBALIKAN MI!!! MI DITANGKAP!!! TOLOOOOOONG!!! Ketika Anak-Anak Pergi mengikuti kisah Ma, Mi, dan Mo, beserta Petronella setelah mengungkap bagaimana nasib Fifi di Mari Pergi Lebih Jauh. ",2026,216,"4,46",Thrilling,Suspenseful,Dark,covers/ketika_anak_anak_pergi.jpg
102,The Floating World,Fantasy,Axie Oh,"Sunho hidup di Kota Kolong, kota yang tak pernah mengenal cahaya. Dua tahun lalu, dia terbangun sendirian tanpa ingatan, hanya berbekal sebilah pedang dan namanya sendiri. Sejak itu, dia bertahan hidup dengan melakukan pekerjaan berbahaya, sampai sebuah tawaran datang: memburu seorang gadis yang dapat memanggil cahaya. Jauh dari sana, Ren menjalani hidup sederhana sebagai akrobat ceria bersama keluarga angkatnya. Dunia yang dia kenal runtuh dalam satu malam, ketika sebuah festival berubah menjadi tragedi. Saat iblis menyerang, Ren tak punya pilihan selain melepaskan kekuatan yang selama ini dia sembunyikan. Cahaya perak itu menyelamatkan banyak orang—tapi tetap merenggut hal terpenting dalam hidupnya. Dengan tekad menyelamatkan orang yang dia cintai, Ren menempuh perjalanan kembali ke tanah yang dulu dia tinggalkan, sumber kegelapan yang selama ini dia hindari. Di sanalah jalannya bersilangan dengan Sunho. Ren tak tahu bahwa pemuda yang menemani perjalanannya adalah salah satu pemburu yang mengincarnya. Sunho pun tak menyadari bahwa gadis yang mulai dia lindungi justru menjadi pusat dari takdir yang sedang dia kejar. Ketika cahaya dan kegelapan saling mendekat, dua jiwa yang sama-sama terluka dihadapkan pada satu pilihan: menerima takdir mereka—atau berani melawannya.",2026,325,"3,77",Suspenseful,Emotional,Dark,covers/the_floating_world.jpg
103,Kastel Terpencil di Dalam Cermin,Fantasy,Mizuki Tsujimura,"Aku ingin menolongmu. Kokoro merasa terusir dari kelasnya sendiri hingga ia mengurung diri di rumah dan menolak pergi ke sekolah. Pada suatu hari, cermin di dalam kamarnya mengeluarkan cahaya terang. Dan di dalam cermin tersebut ada bangunan misterius yang mirip sebuah kastel. Ada tujuh orang yang juga “diundang” ke sana—mereka yang menolak pergi ke sekolah seperti Kokoro. Untuk apa mereka bertujuh dikumpulkan di kastel? Siapakah sebenarnya sosok gadis bertopeng serigala yang mengundang mereka?",2026,504,"4,23",Suspenseful,Reflective,Hopeful,covers/kastel_terpencil_di_dalam_cermin.jpg
104,The Girl Who Fell Beneath the Sea,Fantasy,Axie Oh,"Badai mematikan telah merusak tanah kelahiran Mina selama beberapa generasi. Banjir menyapu seluruh desa, sementara perang berdarah dikobarkan untuk memperebutkan sumber daya yang tersisa. Masyarakat di desa Mina memercayai bahwa Dewa Laut mengutuk mereka dengan kematian dan keputusasaan. Dalam upaya untuk menenangkan Dewa Laut, setiap tahun seorang gadis cantik dibuang ke laut untuk menjadi pengantin Dewa Laut, dengan harapan suatu hari ""pengantin sejati"" akan dipilih dan mengakhiri penderitaan mereka. Shim Cheong adalah gadis tercantik di desa, sekaligus kekasih Joon. Banyak yang percaya dialah pengantin sejati Dewa Laut Tapi pada malam Cheong hendak dikorbankan, Joon mengikuti Cheong, meski tahu bahwa ikut campur akan dihadiahi hukuman mati. Untuk menyelamatkan kakaknya, Mina terjun ke air menggantikan Cheong. Kecantikan Mina memang tidak sebanding dengan para pengantin terdahulu. Tapi dia sudah tersapu ke Alam Roh. Kini Mina tak punya banyak waktu untuk menemukan Dewa Laut sebelum dirinya sendiri berubah menjadi arwah. Berbekal kemampuan mendongeng dan bantuan para arwah, Mina harus berhasil menemukan Dewa Laut.",2026,296,"4,08",Hopeful,Reflective,Suspenseful,covers/the_girl_who_fell_beneath_the_sea.jpg
105,A Deadly Education (The Scholomance #1),Fantasy,Naomi Novik,"Scholomance bukan sekadar sekolah sihir—tempat itu adalah labirin kematian yang menelan siapa pun yang lengah. Tidak ada guru atau aturan yang jelas, hanya insting, sihir, dan keberuntungan yang menentukan siapa yang masih hidup sampai akhir tahun pelajaran. Galadriel “El” Higgins sudah terbiasa dicurigai. Kekuatannya besar, gelap, dan mudah disalahpahami. Dia berusaha menjaga jarak dari semua orang, karena di Scholomance, memiliki sekutu sama berbahayanya dengan memiliki musuh. Namun, bertahan sendirian juga bukan pilihan. Ketika Orion Lake—pahlawan yang selalu muncul di waktu yang tepat—terus menyelamatkannya, hidup El berubah menjadi lebih rumit. Popularitas membawa perhatian dan perhatian berarti ancaman. Perlahan, El mulai menyadari bahwa ada sesuatu yang jauh lebih berbahaya daripada para monster yang mengintai di setiap sudut, yakni masa depan yang mungkin menuntutnya memilih siapa dirinya sebenarnya.",2025,330,"3,93",Thrilling,Dark,Reflective,covers/a_deadly_education.jpg
106,The Night Circus,Fantasy,Erin Morgenstren,"Le Cirque des Rêves. Sirkus Mimpi. Buka saat senja, tutup saat fajar. Tak ada yang biasa di dalamnya meski kau tetap akan menemukan ilusionis, manusia karet, penari akrobat, maupun peramal nasib. Labirin Awan-nya menakjubkan, Taman Es-nya mencengangkan, puluhan tenda yang tersedia pasti akan membuat mulutmu ternganga dan matamu membelalak. Namun, di balik semua ilusi, ada rahasia tersembunyi. Semua memang senyata yang terlihat. Ada sihir yang mengikat. Ada dua pesaing yang tengah bertarung, unjuk keahlian, dalam sebentuk tantangan yang telah berlangsung selama berabad-abad. Masalahnya, tak ada yang tahu apa yang dibutuhkan untuk menjadi pemenang. Apakah pihak yang bisa menciptakan atraksi paling mendebarkan? Atau pihak yang berhasil tidak dicurigai memiliki kemampuan magis selagi memastikan sirkus tetap berjalan? Celia dan Marco mengetahui keberadaan masing-masing, tetapi tidak mengenali bahwa mereka adalah lawan bagi satu sama lain. Mereka tak boleh saling terlibat, tak boleh pula saling menjegal, hanya bisa menanti hingga putusan dibuat. Namun, ketika pertaruhan makin meningkat dan maut mendadak mengintai, haruskah mereka tetap berada di kutub yang berseberangan?",2025,567,"3,99",Suspenseful,Dark,Emotional,covers/the_night_circus.jpg
107,Murtagh,Fantasy,Christoper Paolini,"Dunia tidak lagi aman bagi Penunggang Naga Murtagh dan naganya, Thorn. Raja yang lalim telah digulingkan dan kini mereka harus menghadapi konsekuensi tindakan yang terpaksa mereka lakukan di bawah teror sang raja. Mereka dibenci dan sendirian, terkucil di pinggiran peradaban. Di seluruh penjuru negeri, terdengar bisik-bisik tentang tanah gersang serta bau samar belerang di udara---dan Murtagh merasakan sesuatu yang jahat mengintai di balik bayang-bayang Alagaësia. Maka dimulailah perjalanan panjang menuju ketidaktahuan, sebab Murtagh dan Thorn harus menemukan dan mengalahkan seorang penyihir yang terselubung misteri. Seorang Penunggang Naga mencari tahu tentang nilai-nilai yang perlu dijunjungnya di dunia yang menelantarkannya.",2025,792,"4,13",Thrilling,Reflective,Hopeful,covers/murtagh.jpg
108,Chronos Express,Fantasy,Bonnie Pang,"Lena, yang kesehariannya bekerja di kafe, memiliki impian untuk menjadi novelis. Namun, ketika kesempatan itu akhirnya datang, Lena malah mengalami writer’s block sehingga kesulitan mendapat inspirasi dan kata-kata untuk tulisannya. Seiring tenggat yang semakin dekat, di luar jendela kamarnya muncul rangkaian kereta dan pelayan berkepala angsa menyambut Lena. “Selamat datang di Chronos Express. Semua penumpang Chronos Express mempunyai masalah dengan waktu, dan kau harus membantu mereka, masalahmu akan terselesaikan.”",2025,168,4,Hopeful,Suspenseful,Reflective,covers/chronos_express.jpg
109,Keberuntungan Sedang Menghampirimu,Fantasy,Lee Kkoch_nim,"Suatu hari, Hyeong-su dan Wu-yeong tanpa sengaja melihat teman sekelas mereka, Eun-jae, dianiaya oleh ayahnya sendiri. Seandainya pun Eun-jae melakukan kesalahan, apakah anak perempuan yang baru berusia 15 tahun itu pantas mendapat hukuman semengerikan itu? Hyeong-su dan Wu-yeong merasa terusik sepanjang malam, tidak tahu apa yang harus mereka lakukan. Sementara itu, Eun-jae bersikap seolah tidak ada yang terjadi, menjauh dari teman-temannya, memilih hidup dalam kepasrahan dan ketakutan. Karena hanya kehidupan seperti itulah yang dikenalnya sejak ia kecil. Narator dalam kisah ini adalah sosok istimewa yang sering kali disebut “takdir” atau “keberuntungan”. Ia senantiasa mengawasi anak-anak itu. Namun, sayang sekali, ia tidak bisa menyelamatkan siapa pun dari penganiayaan. Ia hanya bisa memberikan bantuan apabila seseorang masih memiliki keinginan besar untuk bertahan hidup dan meminta uluran tangannya. Apakah Eun-jae akan berhasil mengerahkan keberanian untuk meraih kembali hidupnya yang sempat terlepas dari pegangan?",2025,208,"4,26","Sad
",Hopeful,Reflective,covers/keberuntungan_sedang_menghampirimu.jpg
110,Akan Kulintasi Dunia Untukmu,Fantasy,Lee Kkoch_nim,"Aku menulis ini karena disuruh ayahku. Dengan kalimat itu, Eun-yu mulai menulis surat untuk diri sendiri, kemudian memasukkannya ke “kotak pos lambat”, yang akan mengirim surat itu kepadanya tepat satu tahun berikutnya. Eun-yu mencurahkan kekesalan dalam surat itu, termasuk mengeluh tentang ayahnya yang mendadak berubah baik padahal tidak pernah peduli pada Eun-yu selama ini. Ajaibnya, surat yang seharusnya diterima oleh dirinya sendiri satu tahun kemudian itu tiba di tangan seorang anak perempuan yang juga bernama Eun-yu yang hidup di tahun 1982. Meskipun waktu di kedua dunia itu berjalan dengan kecepatan yang berbeda, kedua Eun-yu mulai bersahabat pena, saling bercerita tentang kehidupan masing-masing dan saling mencurahkan isi hati. Ketika Eun-yu di masa sekarang bercerita tentang dirinya yang tidak tahu apa-apa tentang ibu kandungnya karena ayahnya tidak pernah mau bercerita kepadanya, Eun-yu di masa lalu pun memutuskan membantu. Apakah Eun-yu di masa sekarang akan berhasil mengetahui sesuatu tentang ibu kandungnya? Dan apakah ia sudah siap menerima konsekuensinya apabila rahasia yang disembunyikan sang ayah selama ini terkuak?",2025,224,"4,26",Suspenseful,Heartwarming,Reflective,covers/akan_kulintasi_dunia_untukmu.jpg
111,Dallergut 1 : Toko Penjual Mimpi,Fantasy,Lee Miye,"Ada sebuah desa yang hanya bisa kamu kunjungi dalam tidurmu. Tempat paling populer di desa ini adalah Dallergut: Toko Penjual Mimpi yang mengumpulkan dan menjual segala macam mimpi. Toko ini selalu ramai oleh pelanggan manusia dan hewan yang ingin tidur panjang atau tidur siang. Setiap lantainya dilengkapi dengan mimpi-mimpi dari berbagai macam genre istimewa, termasuk mimpi tentang masa kecil, perjalanan menyenangkan, melahap makanan lezat, hingga mimpi buruk dan mimpi misterius. Di toko ini ada Dallergut, si pemilik toko; Penny, karyawan baru yang ceroboh dan penuh rasa ingin tahu; Aganap Coco, produser mimpi legendaris; dan Vigo Myers, manajer lantai dua. Penny ditugaskan untuk bekerja di lantai satu dengan karyawan veteran, Bibi Weather. Namun, pada hari pertama dia bekerja, mimpi yang mahal dicuri.",2025,290,"3,64","Heartwarming
",Hopeful,Suspenseful,covers/dallergut1.jpg
112,Toko Obat Cinta Keluarga Botero,Fantasy,Lee Sun-Young,"Toko Obat Cinta keluarga Botero bukanlah toko obat biasa—di sinilah luka hati diobati, kasih yang retak dipertautkan, dan keberanian untuk mencintai kembali tumbuh. Melalui kisah Hyosun, Hana, dan mereka yang singgah, novel ini mengingatkan kita bahwa cinta, seaneh dan serumit apa pun, selalu menjadi obat paling mujarab bagi manusia. Mereka yang telah meminum racikan obat cinta bersaksi tentang kemanjurannya. Saya memutuskan untuk jatuh cinta. Tapi apa itu cinta? Novel ini mendekati cinta selangkah demi selangkah melalui perubahan orang-orang yang telah meminum racikan obat cinta. Saya suka karena saya harus meminum satu racikan obat cinta setiap hari. Sebab, seperti banyak hal yang berharga bagi kita, cinta juga bisa dikatakan bertahan melalui usaha dan perhatian sehari-hari. Sebuah pil kecil yang menanamkan cinta sehari-hari dalam diri saya. Kalau ada pil seperti ini, saya ingin segera memasukkannya ke mulut dan mengecek efektivitasnya. Apa yang akan terjadi jika cinta meresap ke dalam diri saya?",2025,344,"2,79","Heartwarming
",Hopeful,Reflective,covers/toko_obat_cinta_keluarga_botero.jpg
113,Witch Bakery: Toko Roti Pengantar Jiwa,Fantasy,Han Su-in,"Ke manakah perginya arwah hewan yang sudah mati? Sebuah toko roti aneh menawarkan pekerjaan kepada Lala yang sudah berkali-kali ditolak saat mencari pekerjaan paruh waktu. Ternyata, toko roti itu merupakan pemberhentian sementara para arwah hewan sebelum menuju dunia bawah. Berbagai arwah datang dengan harapan mewujudkan keinginan terakhir mereka dengan pemilik sebelumnya. Lala menemukan bahwa dirinya memiliki kemampuan untuk berkomunikasi dengan hewan. Dia pun menerima pekerjaan tersebut dan berkenalan dengan banyak Doong Doong berwujud roti. Bersama Jaerong, seekor kucing luar biasa, Lala melakukan apa saja agar para arwah bisa bertemu pemiliknya dan mewujudkan keinginan terakhir mereka sebelum pergi ke dunia bawah. Namun, menjadi jembatan antara arwah dan pemiliknya terkadang sangat sulit, apalagi dengan keberadaan sosok yang tidak mereka inginkan.",2025,220,"3,68","Heartwarming
",Hopeful,Reflective,covers/toko_roti_pengantar_jiwa.jpg
114,Piranesi,Fantasy,Susanna Clarke,"Sejak Dunia berawal, dipastikan ada 15 orang yang eksis: ORANG PERTAMA: DIRIKU Aku yakin aku berusia antara 30–35 tahun. Tinggiku kira-kira 183 cm dan tubuhku bertipe ramping. ORANG KEDUA: YANG LAIN Aku memperkirakan umur Yang Lain sekitar 50–60 tahun. Dia seorang ilmuwan sepertiku dan satu-satunya manusia lain yang masih hidup. Piranesi. Seperti itulah dia memanggilku. Yang terasa aneh karena sejauh yang kuingat, itu bukan namaku. ORANG KETIGA SAMPAI KELIMA BELAS Kerangka-kerangka yang kutemukan di berbagai Aula dalam berbagai kondisi. ORANG KEENAM BELAS Dan, Kau. Siapa Kau? Kepada siapa aku menulis? Apakah Kau seorang penjelajah yang mencurangi Gelombang-Gelombang dan menyeberangi Lantai-Lantai Hancur dan Tangga-Tangga Telantar demi mencapai Aula-Aula ini? Atau, mungkinkah Kau seseorang yang menghuni Aula-Aulaku sendiri, lama setelah aku mati?",2025,281,"4,21",Suspenseful,Reflective,Dark,covers/piranesi.jpg
115,The Goodbye Cat,Fantasy,Arikawa Hiro,"Di balik pergantian musim, seekor anak kucing. yang baru saja diselamatkan dari tempat sampah, mengajarkan seorang lelaki bagaimana menjadi ayah yang baik untuk bayinya sendiri. Kita juga akan bertualang ke pulau kucing, bertemu dengan sekelompok kucing liar yang mengajarkan seorang anak laki-laki untuk tidak mengganggu alam. Lalu, ada seekor kucing tua yang merencanakan perjalanan ke dunia selanjutnya, agar ia dan pemiliknya bisa selalu bersama. Tujuh cerita berharga ini akan membawamu dalam kehangatan, menunjukkan bahwa kesetiaan dan pengabdian seekor kucing yang disayangi dengan sungguh-sungguh tidak akan pernah mengecewakan.",2025,334,"3,89","Heartwarming
",Hopeful,Sad,covers/the_goodbye_cat.jpg
116,Into the Uncut Grass,Fantasy,Trevor Noah,"“Cepat atau lambat ibumu akan menemukan kita,” kata Walter, menoleh ke arah rumah. “Selalu begitu.” “Tidak akan! Kali ini kita akan pergi ke tempat yang belum pernah kita datangi,” kata si bocah. “Kita akan memasuki rimbunan rumput liar!” Demi menghindari peraturan rumah yang menjemukan, si bocah menapaki dunia luar yang asing dan mendebarkan. Ke hutan ajaib, penuh ilalang dan rumput liar! Bersama Walter si beruang tua, dia bertemu dengan beragam makhluk dan pertanyaan, tentang pentingnya sebuah perdebatan—dan yang lebih penting, bagaimana menyelesaikannya.",2025,128,"4,04","Heartwarming
",Hopeful,Happy/Funny,covers/into_the_uncut_grass.jpg
117,Kisah Tanpa Akhir,Fantasy,Michael Ende,"Ketika Bastian tak sengaja menemukan buku tua berjudul Kisah Tanpa Akhir, ia tiba-tiba terjun ke dunia khayal Fantasia---bahkan menjadi tokoh utama dalam kisahnya. Dunia ajaib yang misterius itu ternyata dalam bahaya besar yang bisa memengaruhi dunia manusia juga dan Bastian adalah sang terpilih untuk menyelamatkannya. Ia harus berhadapan dengan bermacam-macam makhluk yang sama sekali tak terbayangkan, dalam berbagai situasi yang membingungkan. Dapatkah Bastian melangkahi batas antara realitas dan imajinasi untuk menyelamatkan Fantasia?",2025,528,"4,18","Hopeful
",Reflective,Suspenseful,covers/kisah_tanpa_akhir.jpg
118,Toko yang Buka di Kala Hujan,Fantasy,You Yeong-Gwang,"Selamat datang di Toko Musim Hujan! Sebagai pertokoan terhormat yang menjunjung tinggi kejujuran dan kepercayaan, kami ingin mengajukan penawaran istimewa kepada Anda. Apakah Anda ingin menjual kemalangan Anda? Kami akan memberi Anda kesempatan untuk menukarkannya dengan kebahagiaan yang tersedia di toko. Namun, kami tidak bertanggung jawab atas apa pun yang terjadi selama Anda berada di sini.",2025,296,"3,47",Suspenseful,Reflective,Hopeful,covers/toko_yang_buka_dikala_hujan.jpg
119,The Blanket Cats,Fantasy,Kiyoshi Shigematsu,"Banyak orang percaya bahwa berbicara dan menghabiskan waktu bersama hewan peliharaan dapat meredakan cemas dan kesedihan, sehingga tak sedikit orang ingin memelihara hewan. Di sudut Kota Tokyo, sebuah toko hewan peliharaan menawarkan cara unik kepada para pelanggannya: menyewakan kucing-kucing spesial yang selalu ditemani selimut kesayangan mereka, The Blanket Cats. Para penyewa yang datang, diberi kesempatan untuk menghabiskan waktu bersama kucing pilihan mereka selama tiga hari dua malam. Berbagai pelanggan pun mulai berdatangan dengan kisah yang berbeda. Seperti Norio dan Yukie yang harus menghadapi kenyataan pahit karena tak bisa memiliki anak, Taeko yang diam-diam memikul rasa bersalah pada perusahaannya, hingga sebuah keluarga yang ingin membuat momen-momen terakhir neneknya menjadi bermakna. Namun, layaknya The Blanket Cats yang misterius, para kucing ini datang dengan agenda rahasia tanpa menjanjikan apa pun. Tiga hari mungkin terlalu singkat untuk mengubah hidup, tapi bisa jadi cukup mengubah cara kita memandang dunia.",2025,315,"3,4","Heartwarming
",Reflective,Hopeful,covers/the_blanket_cats.jpg
120,The Little Prince,Fantasy,Antoine de Saint-Exupery,"Ketika terdampar di Gurun Sahara karena pesawatnya rusak, seorang pilot bertemu dengan seorang anak berambut keemasan yang tersenyum manis. Anak itu meminta digambarkan seekor domba. Apa yang bisa dilakukan sang pilot dalam situasi ajaib ini? Ia pun menggambar domba! Dan dimulailah kisah menakjubkan tentang anak laki-laki dari Asteroid B-612 yang mengarungi jagat raya demi memahami dunia.",1979,120,"4,33",Reflective,Heartwarming,Hopeful,covers/the_little_price.jpg
121,Fotografer Memori,Fantasy,Sanaka HIiragi,"Di perbatasan antara hidup dan mati, berdiri sebuah studio foto tempat mereka yang akan menyeberang ke alam baka singgah untuk memilih kenangan semasa hidup dan merangkainya dalam lentera kilas balik yang akan mereka saksikan sebelum melanjutkan perjalanan. Bersama Hirasaka, sang pemandu muda tanpa memori sedikit pun, para tamu dapat mendatangi kembali kenangan yang telah memudar dan mengabadikannya dengan kamera. Hagi Yatsue, seorang wanita 92 tahun, sangat ingin melihat sebuah bus yang penuh makna baginya sekali lagi. Sementara Waniguchi Shohei, seorang anggota yakuza, ingin mengunjungi Malam Natal tak terlupakan bersama bawahannya dan seorang anak SD. Tamu demi tamu singgah silih berganti, tetapi tak satu pun dari mereka orang yang pernah mengenal Hirasaka. Namun dalam hati, ia tak pernah berhenti berharap mungkin kelak salah satu dari mereka dapat memberinya petunjuk tentang siapa dirinya.",2025,240,"4,06",Reflective,Heartwarming,Hopeful,covers/fotografer_memori.jpg
122,The Traveling Cat Chronicles,Fantasy,Arikawa Hiro,"Aku adalah seekor kucing. Dia adalah pemuda penyuka kucing. Kau selalu tidur di sini? Kenapa, mau protes? Manisnya.... Memang. Banyak yang bilang begitu. Boleh kusentuh? Maaf saja, tidak boleh. Kukira dia hanya akan jadi satu dari sekian banyak orang yang cuma lewat dalam kehidupanku sebagai kucing liar. Akan tetapi, aku biarkan dia memeliharaku, karena aku ini kucing yang manis. Setelah lima tahun kami bersama, Satoru harus mencari orang untuk mengadopsiku karena satu dan lain hal. Maka, kami berdua pun memulai sebuah perjalanan panjang mengendarai mobil wagon perak kesukaanku ke berbagai penjuru negeri untuk menemui teman-teman lama Satoru. Akan tetapi, ada satu hal yang Satoru sembunyikan dariku.",2025,367,"4,33","Heartwarming
",Sad,Hopeful,covers/the_traveling_cat_chronicles.jpg
123,Koloni,Fantasy,Ratih Kumala,"Semut untuk koloni, koloni untuk semut. Di dunia semut yang super sibuk dan penuh strata, tujuan perkawinan cuma satu: mempertahankan kelangsungan koloni. Dua ekor semut ratu —Ratu Gegana dan Ratu Darojak— bersaing menjadi alfa; yang tua menolak turun, yang muda memperebutkan kuasa. Pertempuran dua kubu ini tak terelakkan, mengguncang koloni hingga ke akar-akarnya. KOLONI adalah fabel dengan latar di dunia serangga di bawah tanah, sebuah dunia yang kecil, nyaris dianggap tak ada, tak terlihat di permukaan, tapi sebenarnya masif, terstruktur, dan sistematis. Tak ubahnya mesin dengan surat cinta untuk budak korporat. Tak ubahnya intrik perebutan kekuasaan di dunia manusia.",2025,251,"4,01",Reflective,Thrilling,Dark,covers/koloni.jpg
124,Tales of the Celestial Kingdom,Fantasy,Sue Lynn Tan,"Dari sepuluh burung matahari yang sebelumnya menerangi bumi, bagaimana akhirnya jadi tersisa satu dan menjadi matahari tunggal yang kita kenal sekarang? Bagaimana caranya seorang manusia biasa diangkat ke Kerajaan Kayangan dan akhirnya menjadi dewi bulan yang menerangi langit kala malam? ",2025,205,"4,04",Hopeful,Reflective,Suspenseful,covers/tales_of_the_celestial_kingdom.jpg
125,The Book Censor's Library,Fantasy,Bothayna Al-Essa,"Seorang penyensor buku pemula berusaha memenuhi tugasnya untuk menemukan berbagai pelanggaran yang membuat buku-buku menjadi tidak layak untuk diterbitkan. Tiga tabu utama yang dilarang untuk disinggung dalam sebuah buku, yaitu yang berkaitan dengan Tuhan, pemerintah, dan seks. Buku-buku yang diperbolehkan beredar adalah yang mengumbar janji manis tentang meraih kesuksesan, kekayaan, cinta, dan kebahagian tanpa usaha nyata. Namun, sebuah buku membuat hidupnya tidak pernah sama lagi. Penyensor buku pemula itu menghafal seluruh kalimat dalam buku tersebut seolah-olah telah membacanya seumur hidup. Ketika dirinya tidak mampu lagi menentukan garis pemisah antara imajinasi dan kenyataan, penyensor buku pemula berusaha untuk tetap berpegang teguh pada Sistem agar tidak membahayakan keluarganya meski jiwanya terasa kosong. Sebagai penjaga permukaan dunia, dia telah tenggelam dalam labirin makna. ",2025,308,"3,85",Reflective,Dark,Suspenseful,covers/the_book_censors_library.jpg
126,White Wedding,Fantasy,Ziggy Zezsyazeoviennazabrizkie,"Hal-hal terburuk di dunia terjadi pada Elphira saat dia masih kecil: ayahnya jatuh sakit, ibunya terguncang, dia terlahir. Dan di setiap mimpi buruk, warna putih selalu muncul mengiringi. Lalu, dia bertemu Sierra yang mengingatkan Elphira akan ayahnya, ibunya, neneknya, bahwa dia dikelilingi orang-orang yang menyayanginya, dan warna putih tidak hadir untuk membawa kesedihan dalam hidupnya. ",2025,257,"4,03",Hopeful,Heartwarming,Sad,covers/white_wedding.jpg
127,The Alley of Fantasy Bookshops,Fantasy,"Cho Young Joo,Chung Myung Seob, Kim Seol Ah,Lee Jinn,Lim Jih Young","Dulu, gang ini ramai oleh pencinta buku. Kini, yang tersisa hanya satu toko—Toko Buku Kuburan. “Tunggu… buku-buku ini bisa bicara?” “Tentu. Ini kuburan bagi mereka yang tak pernah dibaca.” “Kenapa cerewet sekali?” “Karena mereka punya banyak unek-unek. Sejak lahir sebagai buku, mereka belum pernah dibaca sampai selesai. Bagaimana unek-uneknya tidak banyak? Buku tanpa pembaca itu sama dengan pengoceh yang dibungkam.”",2025,196,"3,52",Reflective,Heartwarming,Happy/Funny,covers/the_alley_of_fantasy_bookshops.jpg
128,The Bookstore of Illusion,Fantasy,So Seo-rim,"Di antara rak-rak buku yang berdebu, tersembunyi rahasia yang tidak seharusnya ditemukan. Ketika Yeon-seo kehilangan harapan untuk menjadi penulis, dia menemukan sebuah toko buku asing. Toko yang tanpa alamat maupun papan nama. Hanya deretan buku yang seakan memanggilnya masuk. Awalnya dia hanya ingin mengistirahatkan diri di dalam toko itu. Namun ketika pemilik toko mengajaknya bergabung untuk mendengarkan cerita, dia terlarut. Sang pemilik toko pun penuh teka-teki, seakan tahu lebih banyak tentang dirinya daripada yang dia bayangkan. Namun, semakin dia menyelami kisah-kisah yang ada di sana, semakin kabur batas antara kenyataan dan ilusi. Hingga akhirnya, dia harus menghadapi pertanyaan yang paling menakutkan: Kenapa dia terus kembali ke toko buku tersebut dan kepada pemiliknya?",2025,230,"3,22",Suspenseful,Reflective,Hopeful,covers/the_bookstore_of_illusion.jpg
129,"The Red Hair, a Thief and Dragons",Fantasy,8ellacious,"""Apa harta, takhta, dan keluarga bisa menjamin kebahagiaan seseorang?"" Belle tidak tahu bahwa ia harus menjadi seorang putri dan menempuh perjalanan panjang hanya untuk mendapat jawaban dari pertanyaan itu. Dalam perjalanannya, seorang pencuri yang selalu mengganggu, tiba-tiba memberinya sebuah tantangan. ""Berkelilinglah di sekitar kastel saat tengah malam. Kalau kau sudah tahu apa yang kumaksud, kau boleh menangkapku."" Namun, yang didapatkannya saat melakukan tantangan itu adalah terkuaknya ilusi yang selama ini ia percaya. Kastel tempat Belle tinggal tidaklah aman. Orang-orang yang ia kenal tidak sepenuhnya baik. Dan orang-orang yang ia anggap penjahat ternyata hanya terdesak keadaan. Belle harus mengambil tindakan sesegera mungkin. Atau nyawa semua orang akan terancam.",2025,399,"4,39",Reflective,Thrilling,Hopeful,covers/the_red_hair_a_thief_and_dragons.jpg
130,Sang Kawaris,Fantasy,Poppy D. Chusfani,"Para Kawaris memiliki tanggung jawab turun-temurun untuk mengurung Bangkawarah, makhluk-makhluk gaib jahat yang tidak bisa dilihat manusia biasa. Mereka bekerja di balik bayang-bayang, menggunakan kekuatan mereka demi melindungi manusia dari ancaman yang tidak mereka ketahui. Terlahir sebagai Kawaris tidaklah terhindarkan, tapi memikul bebannya adalah pilihan. Dian yang penakut tidak sanggup memikul beban itu. Dia pergi kuliah di tempat yang cukup jauh dari rumah, dan berharap bisa menjalani kehidupan normal. Beberapa minggu sebelum wisuda, tiga cewek populer di kampus mengerjai Dian dengan menguncinya di ruangan bangunan tua yang angker. Mereka tidak tahu bahwa di dalam sana ada Bangkawarah yang menyakitinya. Trauma menimbulkan dendam. Jika manusia mencelakakan Kawaris yang seharusnya melindungi mereka, sedikit balas dendam tentunya bisa dipahami.",2025,288,"3,92",Reflective,Dark,Thrilling,covers/sang_kawaris.jpg
131,Life of Pi,Fantasy,Yann Martel,"Pada tanggal 21 Juni 1977, kapal barang Tsimtsum berlayar dari Madras menuju Canada. Pada tanggal 2 Juli, kapal itu tenggelam di Samudra Pasifik. Hanya satu sekoci berhasil diturunkan, membawa penumpang seekor hyena, seekor zebra yang kakinya patah, seekor orang-utan betina, seekor harimau Royal Bengal seberat 225 kg, dan Pi—anak lelaki India berusia 16 tahun. Selama lebih dari tujuh bulan sekoci itu terombang-ambing di Samudra Pasifik yang biru dan ganas. Di Samudra inilah sebagian Kisah Pi berlangsung. Kisah yang luar biasa, penuh keajaiban, dan seperti ucapan salah satu tokoh di dalamnya, kisah ini akan membuat orang percaya pada Tuhan.",2025,448,"3,94",Hopeful,Reflective,Thrilling,covers/life_of_pi.jpg
132,Warisan: Inheritance,Fantasy,Christoper Paolini,"Semua berawal dengan Eragon… Dan berakhir dengan Warisan. Beberapa waktu lalu, Eragon––Shadeslayer, Penunggang Naga––bukanlah siapa-siapa, hanya bocah petani miskin. Naganya, Saphira, cuma batu biru di hutan. Sekarang, nasib seluruh umat manusia berada di tangan mereka. Latihan dan pertempuran selama berbulan-bulan yang panjang membawa kemenangan dan harapan, tapi juga duka mencekam. Namun, pertempuran yang sesungguhnya belumlah terjadi: mereka harus berhadapan dengan Galbatorix. Mereka mesti cukup kuat untuk mengalahkannya. Dan kalau mereka tidak mampu, berarti yang lain tidak punya peluang. Tidak ada yang menyangka sang Penunggang dan naganya akan mampu sampai sejauh ini. Tetapi, sanggupkah mereka menggulingkan si raja jahat dan mengembalikan keadilan ke Alagaësia? Dan kalaupun sanggup, seberapa besarkah pengorbanan yang harus dilakukan?",2025,920,"4,17",Hopeful,Thrilling,Inspiring,covers/warisan.jpg
133,Yang Pertama: Eldest,Fantasy,Christoper Paolini,"Eragon dan naganya, Saphira, berhasil menyelamatkan para pemberontak dari Raja Galbatorix, penguasa kejam Kekaisaran. Sekarang Eragon harus pergi ke Ellesméra, negeri para elf, untuk mempelajari lebih dalam ilmu sihir dan ilmu pedang, keahlian utama Penunggang Naga. Perjalanan yang luar biasa itu membuatnya sampai di banyak tempat memikat dan menemui orang-orang yang menakjubkan. Setiap hari merupakan petualangan baru. Namun kekacauan dan pengkhianatan menghantui, Eragon jadi tidak tahu siapa yang bisa dipercayainya. Sementara itu, sepupunya Roran kembali harus menghadapi pertempuran di Carvahal---pertempuran yang menyebabkan Eragon berada dalam bahaya yang lebih besar. Apakah tangan penuh darah sang raja akan menghantam semua usaha untuk melawannya? Eragon kali ini mungkin takkan berhasil meloloskan diri, biarpun dengan mengorbankan nyawanya.",2025,736,"4,05",Thrilling,Hopeful,Inspiring,covers/yang_pertama.jpg
134,Brisingr,Fantasy,Christoper Paolini,"Eragon dan naganya, Saphira, berhasil bertahan hidup setelah pertempuran kolosal melawan para prajurit Kekaisaran di Dataran Membara. Namun masih banyak yang harus dihadapi sang Penunggang dan naganya ini. Eragon harus menyelamatkan Katrina, kekasih Roran, dari cengkeraman Raja Galbatorix, sesuai janjinya pada abangnya itu. Tetapi kaum Varden, elf, dan kurcaci pun membutuhkan sang Penunggang. Ketika keresahan melanda para pemberontak dan bahaya mengincar dari segala arah, Eragon harus menentukan pilihan---pilihan yang akan membawanya ke seluruh penjuru Kekaisaran, bahkan lebih. Pilihan yang bisa saja memaksanya melakukan pengorbanan tak terbayangkan.",2025,864,"4,11",Reflective,Thrilling,Hopeful,covers/brisingr.jpg
135,Embrace of Endless Night,Fantasy,Porknoodle,"Morana Castello hanyalah gadis yang baru saja merayakan debutante saat keluarganya dinyatakan bangkrut. Demi bertahan hidup, mereka harus melipir ke desa terpencil bernama Avenell. Mora dipaksa untuk keluar dari zona nyamannya, melakukan segala cara untuk mengisi perut, termasuk berburu di hutan hingga telapak tangannya dipenuhi luka serta kapalan. Tidak apa, asalkan ayah dan adiknya tidak kelaparan saat tengah malam. Hingga pada suatu malam, Mora melakukan kesalahan besar dengan membunuh seekor burung gagak. Siapa yang menyangka burung gagak bermata merah itu merupakan hewan peliharaan sekaligus mata-mata milik mitos paling legendaris di tanah Elisora? Noir namanya. Orang-orang mengatakan bahwa dia adalah awal dan akhir, eksistensi yang dikutuk untuk melihat segalanya. Ada juga yang mengatakan bahwa Noir menjadikan hati gadis perawan sebagai makan siangnya demi menjaga fisik tetap awet muda. Jadi, menurut Mora, berurusan dengan Noir sama sekali bukan keberuntungan.",2025,384,"4,5",Suspenseful,Dark,Hopeful,covers/embrace_of_endless_night.jpg
136,The Magic Library,Fantasy,Jostein Gaarder,"Dua saudara sepupu, Berit dan Nils, tinggal di kota yang berbeda. Untuk berhubungan, kedua remaja ini membuat sebuah buku-surat yang mereka tulisi dan saling kirimkan di antara mereka. Anehnya, ada seorang wanita misterius, Bibbi Bokken, yang mengincar buku-surat itu. Bersama komplotannya, tampaknya Bibbi menjalankan sebuah rencana rahasia atas diri Berit dan Nils. Rencana itu berhubungan dengan sebuah perpustakaan ajaib dan konspirasi dunia perbukuan. Berit dan Nils tidak gentar, bahkan bertekad mengungkap misteri ini dan menemukan Perpustakaan Ajaib.",2025,290,"3,78",Suspenseful,Hopeful,Happy/Funny,covers/the_magic_library.jpg
137,Cecilia and the Angel,Fantasy,Jostein Gaarder,"Malam Natal tahun ini sungguh menyedihkan bagi Cecilia. Dia sakit keras dan mungkin tak akan pernah sembuh. Cecilia marah dan menganggap Tuhan tak adil. Namun, terjadi keajaiban. Seorang malaikat—Ariel namanya—mengunjungi Cecilia. Mereka berdua kemudian membuat perjanjian. Cecilia harus memberitahukan seperti apa rasanya menjadi manusia dan Malaikat Ariel akan memberitahunya seperti apa surga itu.",2025,220,"3,81",Reflective,Hopeful,Sad,covers/cecilia_and_the_angel.jpg
138,Berpayung Tuhan,Fantasy,Jaquenza Eden,"Katanya, setelah seseorang meninggal dunia akan dihadapkan pada sebuah layar besar. Di mana akan ditampilkan setiap adegan dari pertama kali lahir ke dunia hingga akhirnya kembali kepada Sang Pencipta. Maka, disinilah Khalil berada. Di ruangan serba putih yang sepi, sunyi, dan hanya diisi oleh dirinya sendiri dengan sebuah televisi berukuran besar. Khalil Syailendra, laki-laki berusia 25 tahun, penyair dan penulis yang memulai kariernya 7 tahun yang lalu. Sebelum ulang tahunnya yang ke 26, ia menggunakan tangannya untuk merenggut nyawanya sendiri. la pikir, segala penderitaannya akan berakhir apabila ia mengakhiri hidupnya, lalu Ibu dan Bapak akan berbahagia, dan keduanya pun akan tetap menjalani hidup seperti biasanya. Namun, ternyata ia salah, Ibu dan Bapak tak lagi pernah berbahagia. Jiwa keduanya seperti ikut mati dan terkubur bersama Khalil. Lantas, setelah menyaksikan setiap adegan yang diputar bagaikan klip film itu, apa yang dirasakan oleh Khalil Syailendra?Apa yang ia rasakan setelah menjadi bagian dari sebuah kematian yang ia rencanakan?",2025,252,"4,13",Reflective,Sad,Hopeful,covers/berpayung_tuhan.jpg
139,Memorial Perfume Shop,Fantasy,Jin Seolla,"“Tidak ada satu pun kehidupan yang tidak berkilau.” Ketika aroma mampu mengandung kenangan tak terbendung, Memorial Perfume Shop hadir untuk menampungnya. Toko parfum ajaib ini menyambut para klien terpilih yang ingin menumpahkan beban kerinduan akibat ditinggal orang terkasih. Melalui racikan parfum, Jin Doo Ri, manajer toko parfum, dan Joyful, peracik parfum jenius, menyembuhkan jiwa-jiwa terluka agar mereka mampu menjalani sisa hidup tanpa penyesalan. Rasa sakit orangtua yang kehilangan putrinya, perempuan yang ditinggal kekasihnya, hingga hewan peliharaan yang ditinggal tuannya, disembuhkan secara ajaib di toko ini. Tak peduli seberapa parahnya duka, sesulit apa masalah, serta siapa pun jiwa yang menderita itu, Jin Doo Ri dan Joyful selalu berhasil menyelesaikan semuanya. Namun, di lain sisi, siapa yang akan menyembuhkan duka yang mereka berdua simpan dalam hati?",2025,234,"3,47","Heartwarming
",Sad,Hopeful,covers/memorial_perfume_shop.jpg
140,The Monarch's Vagary,Fantasy,Duskintherain,"Gadis itu tidak pernah tahu bahwa segala yang ditulisnya ternyata melahirkan semesta baru. Seo Hae In, seorang penulis terkenal asal Korea Selatan yang baru saja meluncurkan novel terbarunya dan akan segera diangkat dalam sebuah serial drama, justru harus terlibat dalam sebuah kecelakaan yang menewaskan nyawanya. Detik berikutnya ketika sang dara membuka mata, Seo Hae In justru terbangun menjadi salah satu karakter paling menyedihkan bernama Avadiéra Everleigh dalam novel yang ia tulis sendiri, berjudul The Monarch's Vagary. Memulai sebuah kehidupan baru yang ia jalani setelah kematiannya, Avadiéra seharusnya berakhir terbunuh secara tragis. Mungkin … kehadiran dirinya sebagai sang penulis dalam kisah itu akan membawanya pada akhir yang berbeda. Akhir yang sanggup mengguncang seantero semesta raya. This lore is … about rewriting the afterlife that the universe has given to me.",2025,568,"4,38",Hopeful,Reflective,Suspenseful,covers/the_monarchs_vagary.jpg
141,Kita Pergi Hari Ini,Fantasy,Ziggy Zezsyazeoviennazabrizkie,"Cara Lain adalah Kucing. Mi dan Ma dan Mo tidak pernah menyaksikan kucing seperti Nona Gigi. Sebab Nona Gigi adalah Kucing Luar Biasa— kucing yang di luar kebiasaan. Nona Gigi adalah Cara Lain untuk menjaga Mi dan Ma dan Mo ketika Bapak dan Ibu Mo keluar rumah mencari uang. Sebab di Kota Suara, semua uang di dasar laut telah dijarah para perompak, uang di bawah tanah telah dikeruk para perampok, dan uang di ranting pohon telah diambil pengusaha kayu yang jahat. Nona Gigi mengajak Mi dan Ma dan Mo dan Fifi dan Fufu—anak kembar Tetangga Baru bertualang mengunjungi tempat-tempat indah. Mereka naik Kereta Air, bertemu Kolonel Jagung, bermain di Sirkus Sendu, dan menyaksikan kemegahan Kota Terapung Kucing Luar Biasa. Kita pergi hari ini. Ke tempat-tempat indah dalam mimpi-mimpi anak-anak baik-baik.  ",2025,208,"4,31","Heartwarming
",Hopeful,Happy/Funny,covers/kita_pergi_hari_ini.jpg
142,The Enchantress,Fantasy,Michael Scott,"Hidup Nicholas dan Perenelle Flamel tersisa satu hari lagi, namun masih ada pekerjaan yang harus dilakukan. Mereka harus mempertahankan San Francisco. Monster-monster yang terkumpul di Pulau Alcatraz telah dilepas dan dalam perjalanan ke kota. Jika tidak dihentikan, mereka akan menghancurkan segala sesuatu yang mereka lalui, termasuk manusia. Meskipun mendapatkan bantuan dari dua prajurit terbesar dalam sejarah dan mitos, dapatkah sang Sorceress dan sang Alchemyst mempertahankan kota? Ataukah ini awal dari kehancuran humani? ",2024,634,"4,24",Thrilling,Hopeful,Dark,covers/the_enchantress.jpg
143,Tujuh Kelana,Fantasy,Nellaneva,"""Permata itu adalah kunci suatu `gerbang` yang telah kaumku jaga beratus-ratus tahun lamanya. Aku belum pernah mendengar cerita bahwa dia bisa bersinar di dalam genggaman atau dapat menimbulkan rasa sakit.... Pasti ada sesuatu di baliknya, sesuatu yang belum kami ketahui,"" ujar Alto, terduduk di karpet dan membenamkan kepala pada telapak tangan. ""Nyatanya, kamu membuat fragmen kunci bersinar. Kamu juga tahu letak fragmen kunci lainnya. Lagi-lagi kutanyakan ini, siapa kamu sebenarnya?"" Aku pun tidak tahu jawabannya. Yang jelas, saat aku membereskan gudang di rumah, tanpa sengaja aku menemukan sebongkah permata merah di dalam kotak beledu. Jika kusentuh, permata itu akan menyala terang. Bingung bercampur panik, kututup kotak itu. Namun, sejak saat itu pula aku dipertemukan dengan si lelaki bermasker hitam, Alto Rialtiorre. Dia memaksaku untuk menyerahkan permata merah, tapi aku menolaknya. Betapa tidak? Ini adalah peninggalan dari kakekku. Mana boleh aku melepaskannya begitu saja?! Anehnya, beberapa kali seorang perempuan berambut pirang dengan jubah merah terus mendatangi mimpiku, berkata bahwa aku adalah dia, dia adalah aku. Kami adalah satu, dan aku harus bersatu dengan Kaum Pelindung untuk mengalahkan Para Pengkhianat. Aku, Zarra Mediana, bersama permata merah, kini hidupku berubah.",2024,356,"4,13",Suspenseful,Thrilling,Hopeful,covers/tujuh_kelana.jpg
144,Eragon,Fantasy,Christoper Paolini,"Aku berpikir lama dan mendalam selama beberapa hari terakhir, dan kusadari apa artinya menjadi naga dan Penunggang: sudah menjadi takdir kita untuk mencoba yang mustahil, melakukan perbuatan-perbuatan besar tanpa memedulikan rasa takut. Itulah tanggung jawab kita pada masa depan. Suatu hari Eragon, anak petani miskin berusia lima belas tahun, menemukan “batu” biru yang indah. Ternyata batu itu telur naga! Ditemani Brom si pendongeng tua dan naga yang dinamainya Saphira, Eragon belajar berbagai hal mengenai sejarah dan naga. Brom juga mengajarkan ilmu sihir dan ilmu pedang karena ternyata Eragon adalah penerus klan para Penunggang Naga. Klan ini punah akibat ditumpas Raja Galbatorix yang kejam. Berbekal ilmu dari Brom, Eragon bertekad membangun kembali klan Penunggang Naga, meskipun itu berarti ia harus menghadapi berbagai makhluk ajaib seperti elf, kurcaci, Urgal, Ra’zac, dan Shade, yang memiliki ilmu jauh lebih tinggi daripada dirinya.",2024,568,"3,97",Inspiring,Hopeful,Thrilling,covers/eragon.jpg
145,Daughter of the Moon Goddess,Fantasy,Sue Lynn Tan,"Sendirian dan ketakutan, Xingyin putri Dewi Bulan terpaksa kabur dari rumah karena eksistensinya tidak boleh diketahui,terutama oleh Kaisar dan Permaisuri Kayangan yang teramat membenci orangtuanya. Namun, tepat di Kerajaan Kayangan-lah Xingyin terdampar dan harus memulai penyamaran, hingga akhirnya menjadi teman belajar sang Putra Mahkota, Liwei. Berada di tengah-tengah musuh, yang Xingyin inginkan hanyalah bertahan hidup. Menguak kekuatannya sendiri sebagai pemanah hebat, Xingyin terjun dalam misi-misi penyelamatan dunia yang mengancam nyawa, didampingi kapten Pasukan Kayangan yang terkenal, Wenzhi. Semua itu demi mendapatkan karunia dari Kaisar agar ibunya bisa dibebaskan dari hukuman kurungan kekal di Bulan. Xingyin akan melakukan apa pun untuk kembali ke rumah, bahkan meski itu berarti mengkhianati orang-orang yang dia sayang.",2024,520,"4,06",Suspenseful,Hopeful,Emotional,covers/daughter_of_the_moon_goddes.jpg
146,Heart of the Sun Warrior,Fantasy,Sue Lynn Tan,"Liwei begitu dekat, tetapi terasa jauh dari jangkauan. Wenzhi telah membuat kesalahan tak termaafkan, tetapi terus saja menyerbu benteng yang Xingyin dirikan untuk melindungi hatinya. Namun, tak ada waktu untuk mengurus romansa ketika pertempuran kedelapan alam untuk memperebutkan semesta sudah mengadang. Sekutu berkhianat, musuh bersiasat. Berapa banyak lagi Xingyin harus berkorban, sementara mayat orang-orang terdekat terus bergelimpangan? Bersediakah Xingyin mengambil risiko bukan saja kehilangan nyawa mereka yang dia cintai, melainkan juga nyawanya sendiri?",2024,484,"3,99",Thrilling,Sad,Hopeful,covers/heart_of_the_sun_warrior.jpg
147,We Free the Stars,Fantasy,Hafsah Faizal,"Pertempuran memang sudah usai. Hutan terkutuk memang telah musnah. Bagaimanapun, Zafira dan Nasir masih bersikukuh untuk menyelesaikan rencana: mengembalikan jantung Para Saudari Kuno ke menara tiap-tiap khilafah dan pada akhirnya mengembalikan sihir ke tanah Arawiya. Sayangnya, mereka kekurangan sekutu dan seluruh kesultanan dihantui ketakutan akan kembalinya Singa Malam. Sementara komplotan mereka bersiasat untuk menjauhkan kesultanan dari ancaman terbesar, Nasir berupaya untuk mengontrol sihir yang mengalir dalam aliran darahnya. Dia harus belajar untuk mengasah kemampuannya agar bisa menjadi senjata, menjadi tameng tak hanya dari serangan Singa Malam tapi juga dari ayahnya sendiri. Zafira juga sibuk memerangi jenis kegelapan lain—kegelapan yang bergumam, yang membuatnya nyaris gila. Dalam bayang-bayang yang kian pekat dan kian dekat, Nasir dan Zafira harus mengorbankan sesuatu yang sangat berharga jika ingin keadaan kembali seperti sediakala.",2024,752,"4,18",Dark,Thrilling,Sad,covers/we_free_the_stars.jpg
148,Hotel Magnifique,Fantasy,Emily J. taylor,"“Kudengar para tamu menyesap emas cair dari gelas sampanye untuk sarapan.” “Mereka bilang bantal-bantalnya bukan berisi bulu, melainkan pusaran awan—” “Dengar-dengar, tiap malam, kau akan menyeberangi dunia tiga kali—” Hotel legendaris itu muncul tiba-tiba pada tengah malam dan kembali menghilang pada tengah malam berikutnya, terkenal sebagai satu-satunya tempat di dunia yang menjanjikan sihir memukau yang tak terbayangkan. Undangan hanya diperuntukkan bagi mereka yang kaya, dan dibagikan secara acak kepada mereka yang beruntung, dengan syarat bahwa setelah dua minggu menginap, semua ingatan mereka tentang hotel itu akan lenyap, hanya menyisakan sensasi bahagia yang meluap-luap. Yang tersebar hanya gosip simpang siur mengenai apa yang terjadi di dalam. Tahun ini, Hotel Magnifique membuka lowongan dan Jani, yang selama ini hidup miskin, tergiur akan kesempatan langka itu. Dia perlu memberikan kehidupan yang lebih baik bagi adilnya dan dia tidak keberatan untuk bekerja keras. Hotel seterkenal itu pastinya membayar stafnya dengan baik, bukan? Sayangnya, ketika mencoba masuk untuk mencari tahu, hotel itu menolak,membarikade diri dengan dinding tak tertembus bagi mereka yang tak memiliki undangan ataupun kontrak kerja. Jani pun bertekad untuk lolos wawancara. Namun, benarkah sekadar demi uang? Atau sihir yang ditawarkan hotel itu berhasil membuat Jani terpikat?",2024,416,"3,76",Suspenseful,Hopeful,Happy/Funny,covers/hotel_magnifique.jpg
149,Mari Pergi Lebih Jauh,Fantasy,Ziggy Zezsyazeoviennazabrizkie,"Fifi ditangkap Kucing-Kucing Luar Biasa. Namun, Ibu Mo dan Ibu Tetangga Sebelah bilang Fifi hanya bayangan cermin yang selalu dibawa Fufu. Fifi sedari awal tidak benar-benar ada. Kucing Luar Biasa hanyalah kucing, kuping yang digoreng krispi sebenarnya jamur kuping, jagung tidak bisa mengendalikan kereta; Mi dan Ma dan Mo hanya bermimpi. Mi dan Ma dan Mo merencanakan sesuatu ketika Bapak dan Ibu Mo meninggalkan Rumah Merah nomor 17 dan mencari uang karena uang di Kota Suara tidak lagi tersimpan di dasar laut, di bawah tanah, atau di ranting pohon Mi dan Ma dan Mo harus terlebih dahulu membebaskan Fufu dari Rumah Sakit Jiwa yaitu rumah untuk orang yang jiwanya disakiti, kemudian mencari cara lain yang bukan Cara Lain agar bisa mencari keberadaan Fifi. Di sanalah Mi dan Ma dan Mo berjumpa dengan Petronella, tokoh baru yang adalah anak yang sangat pintar. Bersama Mi dan Ma dan Mo dan Petronella, Mari Pergi Lebih Jauh.",2024,217,"4,01",Sad,Suspenseful,Heartwarming,covers/mari_pergi_lebih_jauh.jpg
150,"Princess, Bajak Laut & Alien",Fantasy,Clara Ng,"MIKAL ingin memahami kenapa ayahnya harus diambil secepat itu secara tragis. Pikiran itu kerap memberatkan hati, membuatnya menjalani hari dengan muram. Namun ketika terperangkap di Son Nokta, dunia tanpa titik akhir, Mikal bertemu Princess, yang sekalipun matanya bolong sebelah, selalu ceria dan optimistis. AGUNG ingin memahami apa maksud hadirnya di dunia ketika kekurangan fisik, kemalangan, dan nasib buruk selalu menyertai langkahnya. Agung kerap bertanya, “Kalau Tuhan benci sekali padaku, buat apa aku lahir?” Perjalanan berliku Agung untuk mencari jawaban itu mempertemukannya dengan Bajak Laut dan sebuah kesempatan untuk menjadi seorang penguasa. TROY ingin memahami tentang rasa keterasingan, bak Alien yang tidak pernah meninggalkannya sedari kecil. Ketika Troy berpikir dunianya mulai cerah dan hangat berkat cinta dan dukungan seorang sahabat jiwanya, tragedi merenggut itu dari Troy. Seketika dan tiba-tiba. Disertai sesal yang mengekal, Troy kembali menjadi Alien, terasing di sekitar yang bising dan hidup. Seperti meneropong sebuah kaleidoskop, ayo intip ke dunia kanak-kanak dan dewasa yang saling bertabrakan dan jungkir balik.",2024,336,"3,67",Reflective,Sad,Hopeful,covers/princess_bajak_laut_dan_alien.jpg
151,Sunrise on the Reaping,Sci-Fi,Suzanne Collins,"Ketika kau dirancang untuk kehilangan semua yang kau cintai, apa yang tersisa untuk diperjuangkan? Pada hari pemungutan kelima puluh, untuk menghormati Quarter Quell, 48 anak-anak distrik direnggut dari rumah mereka untuk bertarung sampai mati di Hunger Games. Ketika nama Haymitch Abernathy dipanggil sebagai peserta, ia bisa merasakan semua mimpinya hancur. Ia terpisah dari keluarga dan gadis yang ia cintai untuk digiring ke Capitol bersama tiga peserta Distrik 12 lainnya: seorang teman yang ia anggap adik, seorang penghitung peluang yang dibenci, dan seorang gadis paling sombong di kota. Saat Hunger Games dimulai, Haymitch mengerti bahwa ia telah diatur untuk gagal. Tapi ada sesuatu dalam dirinya yang ingin bertarung... dan pertarungan itu bergema jauh melampaui arena yang mematikan.",2025,520,"4,5",Inspiring,Thrilling,Sad,covers/sunrise_on_the_reaping.jpg
152,The Humans,Sci-Fi,Matt Haig,"Ketika sesosok alien tiba di Bumi, kesan pertamanya terhadap manusia jauh dari kata positif. Karena itu ia ingin segera menyelesaikan misinya dan melepaskan samarannya sebagai Profesor Andrew Martin, matematikawan terkemuka di Universitas Cambridge. Sebagai bagian dari masyarakat yang sudah mencapai keabadian dan pengetahuan tak terbatas, ia sungguh jijik dengan penampilan manusia, makanan mereka, serta perang yang ia saksikan di berita. Tak hanya itu, konsep absurd seperti cinta dan keluarga benar-benar membuatnya bingung. Namun seiring waktu, ia mulai memahami bahwa spesies aneh ini berbeda dari penilaian awalnya. Ia mulai minum anggur, membaca puisi Emily Dickinson, mendengarkan musik Talking Heads, dan perlahan terhubung dengan keluarga Andrew Martin. Ia belajar bahwa rasa sakit, sedih, dan takut adalah bagian dari menjadi manusia serta ada harapan dalam ketidaksempurnaan manusia. Semua ini membuatnya mulai mempertanyakan misi yang membawanya ke Bumi—misi yang bukan hanya bertujuan menghambat kemajuan manusia, tetapi juga melibatkan pembunuhan.",2025,392,"4,07",Reflective,Hopeful,Heartwarming,covers/the_humans.jpg
153,The Martian: Si Penghuni Mars,Sci-Fi,Andy Weir,"Enam hari yang lalu, astronaut Mark Watney menjadi salah satu orang pertama yang menjejakkan kaki di Mars. Sekarang dia yakin akan menjadi yang pertama mati di sana.

Mark ditinggalkan di Mars oleh rekan-rekannya, yang mengira dia tewas ketika terjadi badai pasir. Sekarang dia sendirian, tak punya sarana untuk mengirim sinyal ke Bumi, dan persediaan makanannya sudah pasti akan habis lama sebelum tim penyelamat bisa datang. Tapi Mark belum mau menyerah. Berbekal keterampilan teknis dan kreativitasnya––plus rasa humor yang terbukti menjadi sumber kekuatan terbesarnya––dia memulai misi untuk bertahan hidup, menanam kentang untuk dimakan, dan bahkan menyusun rencana edan untuk menghubungi NASA di Bumi.

Rintangan demi rintangan berhasil diatasinya, dan Mark mulai yakin dia bisa keluar dari Mars hidup-hidup––tetapi planet ini ternyata menyimpan banyak kejutan untuknya.

",2022,2016,"4,42",Inspiring,Hopeful,Reflective,covers/the_martian.jpg
154,Proyek Hail Mary,Sci-Fi,Andy Weir,"Ryland Grace adalah satu-satunya orang yang masih bertahan dalam misi yang sangat penting dan mendesak. Jika ia gagal, manusia dan Bumi akan binasa. Hanya saja saat ini, ia tidak tahu tentang hal itu. Ia tidak ingat namanya sendiri, tidak ingat tentang tugasnya dan cara menyelesaikan tugasnya. Ia hanya tahu ia telah tertidur untuk waktu yang amat sangat lama, dan ketika ia terbangun, ia sudah berada jutaan kilometer jauhnya dari Bumi bersama dua mayat. Saat ingatannya perlahan-lahan kembali, Ryland sadar bahwa ia harus melakukan tugas mustahil itu sendirian, karena kedua rekannya sesama kru telah tewas. Ia harus membongkar misteri sains yang tidak masuk akal sementara dirinya melesat melintasi ruang angkasa dalam pesawat antariksa kecil demi menyelamatkan Bumi dan manusia. Ia sungguh tidak yakin ia mampu melakukannya. Namun, pertemuan dengan seorang teman tak terduga memberinya harapan bahwa ia mungkin---mungkin---bisa kembali ke Bumi sebagai pahlawan.",2026,592,"4,51",Hopeful,Thrilling,Inspiring,covers/proyek_hail_mary.jpg
155,Dune Mesias,Sci-Fi,Frank Herbert,"Kisah Paul Atreides, yang kini dikenal dengan nama Muad`Dib, terus berlanjut. Setelah menjadi kaisar, kekuasaannya kian tak terbendung. Muad’Dib disembah oleh kaum Fremen fanatik, hal yang dulu dia takutkan tapi justru kini dia lestarikan demi mempertahankan takhta. Namun, para lawan politiknya tidak tinggal diam. Bahkan dengan kemampuannya melihat masa depan, Muad’Dib masih harus menghadapi persekongkolan yang tak hanya mengancam dirinya, melainkan juga keberlangsungan Klan Atreides serta keselamatan nyawa kekasihnya, Chani.",2024,336,"3,9",Reflective,Thrilling,Dark,covers/dune_mesias.jpg
156,Dune,Sci-Fi,Frank Herbert,"Di planet Arrakis, kisah seorang pemuda bernama Paul Atreides bermula. Ayah Paul ditunjuk oleh Imperium sebagai penguasa di planet gurun tersebut yang juga dikenal dengan nama Dune itu. Meski bukan merupakan tempat yang nyaman untuk tinggal, Arrakis punya rempah berharga yang diperebutkan di seluruh jagat raya. Maka ketika Klan Atreides dikhianati, kehancuran keluarganya membuat Paul harus menempuh perjalanan menjemput takdir menuju padang pasir.",2023,472,"4,29",Inspiring,Hopeful,Thrilling,covers/dune.jpg
157,Trisurya,Sci-Fi,Liu Cixin,"Revolusi Kebudayaan Tiongkok memakan banyak korban, termasuk profesor fisika ayah mahasiswi Ye Wenjie. Ye lantas terseret prahara zaman sampai akhirnya terlibat proyek rahasia pemerintah di Pangkalan Pantai Merah. Di tengah kepahitan hidup, Ye lantas mendapatkan sarana untuk mendengar dan berteriak ke antariksa. Lebih daripada empat puluh tahun kemudian, karya Ye terhubung dengan sejumlah kasus bunuh diri ahli fisika, dan game rumit yang menentang pemainnya dengan masalah fisika klasik yang belum terjawab. Peneliti nanomaterial Wang Miao membantu aparat dalam penyelidikan kasus-kasus bunuh diri dan kaitannya dengan game itu. Namun Wang mendapati pihak berwenang yang meminta bantuannya sedang sangat ketakutan-seolah menghadapi ancaman terbesar terhadap nasib umat manusia.",2019,480,"4,08",Suspenseful,Thrilling,Dark,covers/trisurya.jpg
158,Artemis,Sci-Fi,Andy Weir,"Jazz Bashara adalah kriminal. Atau semacam itulah. Kehidupan di Artemis, kota pertama dan satu-satunya di bulan, bakal berat kalau kau bukan seorang turis kaya atau miliarder eksentrik. Jadi, tidak apa-apa kalau sesekali kau memasukkan barang-barang selundupan, kan? Apalagi kalau kau banyak utang dan bayaran sebagai portir tidak cukup untuk membayar sewa. Tapi situasinya berubah ketika Jazz melihat kesempatan untuk melakukan kejahatan yang sempurna, dengan hasil yang terlalu menggiurkan untuk ditolak. Tapi hal ini malah membuatnya tercebur ke dalam suatu konspirasi untuk menguasai Artemis, dan kesempatan Jazz untuk selamat ditentukan oleh berani-tidaknya dia mengambil tindakan yang lebih berisiko lagi.",2021,376,3.68,Inspiring,Reflective,Hopeful,covers/artemis.jpg
159,Anak-Anak Dune,Sci-Fi,Frank Herbert,"Ini kisah tentang si kembar Atreides, Leto dan Ghanima, setelah ayah mereka Kaisar Paul Muad’Dib lenyap di gurun Arrakis 9 tahun silam. Seperti sang ayah, si kembar memiliki kemampuan melebihi manusia biasa, menjadikan keduanya bernilai bagi Alia, bibi mereka yang kini menguasai imperium atas nama Klan Atreides. Namun, posisi Alia terancam. Klan Corrino yang terbuang merancang siasat untuk merebut kembali takhta, sedangkan kaum Fremen yang fanatik terprovokasi oleh pemberontakan terbuka sosok misterius yang dijuluki Sang Pengkhotbah. Alia yakin kesaktian keponakan kembarnya itu akan membantunya mempertahankan kekuasaan, padahal Leto dan Ghanima punya rencana sendiri untuk mewujudkan visi dan takdir masing-masing.",2025,616,"3,95",Suspenseful,Thrilling,Reflective,covers/anak_anak_dune.jpg
160,Children of Time,Sci-Fi,Adrian Tchaikovsky,"Children of Time adalah 600 halaman fiksi ilmiah luar biasa berbasis evolusi yang menampilkan penceritaan berkualitas dan pembangunan dunia yang jarang terlihat pada generasi ini. Narasi ini diatur lebih dari 1000 tahun. Kami pertama kali melihat Dokter Kern dan tim ilmiahnya yang terdiri dari 19 orang karena mereka ingin bereksperimen dengan monyet dan nanovirus tentang apa yang beberapa individu pertimbangkan sebagai Bumi baru. Setelah pengkhianatan dan konfrontasi di pesawat ruang angkasa mereka, yang mungkin mencerminkan permusuhan di Bumi, peristiwa tidak berkembang seperti yang mereka bayangkan.

Tindakan ini terutama mengikuti dua perspektif yang sangat berbeda. Yang pertama adalah pandangan seorang klasikis manusia bernama Holsten yang telah melakukan perjalanan selama dua milenium ke planet yang disebutkan di atas setelah akhir Bumi. Dia berada di atas pesawat ruang angkasa Gilgamesh dengan sisa-sisa ras manusia dan menghabiskan sebagian besar tahun-tahunnya dibekukan dan karenanya tidak menua. Anggota kru hanya dibangunkan ketika tugas mereka memungkinkan, jadi kontak pertama kami dengan ansambel manusia adalah ketika mereka mendekati planet tersebut. Para kru menampilkan komponen yang diperlukan untuk menciptakan masa depan baru termasuk komandan, insinyur, tentara, intelektual, dan lain-lain. Ternyata planet yang mereka tuju sudah ditempati dan bukan oleh monyet yang sangat berkembang seperti yang direncanakan. Ini membawa saya ke perspektif kedua yang ditulis dari sudut pandang laba-laba spesies yang juga menerima kemajuan evolusi yang dihadirkan nanovirus.",2020,640,"4,3",Reflective,Hopeful,Inspiring,covers/children_of_time.jpg
161,1984,Sci-Fi,George Orwell,"Kehidupan di era pemerintahan otoriter membuat Winston Smith kehilangan kewarasannya. Dia tidak memiliki ke-ortodoks-an murni seperti mayoritas rakyat Oseania. Menurutnya, kehidupan di masa itu terasa fana. Semua segi kehidupan dipenuhi dengan dusta bagi kemaslahatan Pemerintahnya. Hal itu diperburuk dengan hiruk-pikuk perang yang tak berkesudahan. Pemerintahan otoriter yang dikuasai oleh si Penguasa Besar itu akan semakin kuat dan tak terkalahkan. Winston terus berandai-andai apakah dia bisa menggulingkan pemerintahan Penguasa Besar. Dalam perjalanannya, dia juga bertemu dengan perempuan bernama Julia, yang ternyata sepemikiran dengannya. Di sisi lain, banyak bukti kebohongan yang diyakini sudah dimiliki Winston, dengan itulah dia berencana untuk menjatuhkan si Penguasa Besar suatu saat nanti. Namun, apakah niat Winston itu akan berhasil atau hanya berakhir sama dengan para mayoritas? ",2024,384,"4,2",Sad,Reflective,Hopeful,covers/1984.jpg
162,Kaisar Dewa Dune,Sci-Fi,Frank Herbert,"Ribuan tahun telah berlalu di Arrakis. Planet yang dulunya gurun gersang itu kini menjadi belantara rimbun. Leto Atreides—putra sang Mesiah Paul Muad’Dib—masih hidup, hanya saja tidak dalam wujud manusia. Demi keberlangsungan umat manusia, Leto merelakan dirinya melebur dengan cacing pasir. Ia pun menjadi makhluk abadi yang selama 3.500 tahun terakhir disebut sebagai Kaisar Dewa. Leto bukan sosok pengasih. Perubahan tak hanya terjadi pada tampilan fisiknya, tetapi juga pada moralitasnya. Pemberontakan terhadap rezimnya yang bengis kian tak terelakkan, kali ini dipimpin oleh Siona yang masih berdarah Atreides. Siona hanya belum tahu bahwa kelak pemudi itu harus pula menjalani takdir yang tidak sejalan dengan keinginannya.",2026,600,"3,88",Reflective,Sad,Hopeful,covers/kaisar_dewa_dune.jpg
163,Rumah Kaca di Ujung Bumi,Sci-Fi,Kim Choyeop,"Tahun 2058. Bumi hancur akibat serangan dust—debu beracun yang mematikan. Manusia berlindung di dalam kota-kota kubah dan berusaha bertahan hidup dengan segala cara. Kakak adik Naomi dan Amara berkelana dari satu reruntuhan kota ke reruntuhan kota lain dalam upaya mencari tempat berlindung, sampai akhirnya tiba di Frim Village, sebuah desa di tengah hutan tempat manusia hidup tanpa perlindungan kubah dan tanaman bisa tumbuh subur. Apakah keajaiban ini ada hubungannya dengan ahli botani misterius yang mendekam di rumah kaca di puncak bukit? Tahun 2129. Ah-yeong, peneliti tumbuhan di Pusat Riset Ekologi Dust, berusaha meneliti asal-usul tumbuhan merambat bernama mossvana yang mewabah di kota Haewol. Tumbuhan beracun dan konon bisa berpendar biru di tengah malam itu mengingatkan Ah-yeong pada pemandangan misterius yang pernah ia lihat di kebun tetangganya ketika ia masih kecil— kebun penuh ilalang lebat yang memancarkan cahaya kebiruan. Penelitian Ah-yeong mempertemukannya dengan Naomi yang berhasil bertahan hidup melewati Era Dust. Banyak sekali yang ingin ditanyakannya kepada Naomi. Bagaimana Naomi dan Amara berhasil bertahan hidup di luar kota kubah? Apakah Frim Village sungguh ada? Kenapa Naomi dan Amara meninggalkan desa surgawi itu? Dan benarkah mossvana yang menyelamatkan umat manusia dari kehancuran?",2024,376,"3,95",Hopeful,Reflective,Sad,covers/rumah_kaca_diujung_bumi.jpg
164,Do Androids Dream of Electric Sheep?,Sci-Fi,Philip K. Dick,"“Alangkah tidak masuk akal. Tiga tahun aku bekerja di bawah arahan android. Kenapa aku tidak curiga?” Selepas Perang Dunia Pamungkas, Bumi semakin tidak layak huni dan manusia semakin tergerak untuk pindah ke Mars. Satu dari sedikit yang memilih bertahan adalah Rick Deckard. Dia punya misi memburu musuh baru yang menyamar di tengah-tengah kerumunan manusia: robot humanoid yang disebut android. Bagaimana cara para android tiba di Bumi? Bagaimana pula cara Deckard menemukan mereka, sementara wujudnya persis sama dengan manusia? Bagaimana kalau Deckard jatuh cinta dengan salah satu android itu?",2019,300,"4,09",Reflective,Sad,Hopeful,covers/do_androids_dream_of_electric_sheep.jpg
165,Klara And The Sun,Sci-Fi,Kazuo Ishiguro,"Dari tempatnya di dalam toko, Klara, si Teman Artifisial, mengamati dengan cermat perilaku orang-orang yang masuk ke toko, juga yang lalu-lalang di jalanan. Dia selalu berharap akan ada yang memilih dirinya, namun ketika timbul kemungkinan bahwa situasi akan berubah selamanya, Klara diberitahu agar jangan terlalu percaya pada janji manusia. Klara dan sang Matahari berkisah tentang dunia kita yang tengah berubah, dan mempertanyakan hal yang fundamental: apakah arti mencintai?",2022,416,"3,74",Sad,Reflective,Heartwarming,covers/klara_and_the_sun.jpg
166,Dunia Anna,Sci-Fi,Jostein Gaarder,"""Nova sayang, aku tak tahu bagaimana rupa dunia saat kau membaca surat ini ...."" Bumi 2082, Nova sangat terkejut saat tiba-tiba di terminal online-nya muncul surat dari nenek buyutnya, Anna. Surat yang ditulis 70 tahun lalu, tepat tanggal 12.12.12. Tepat saat nenek buyutnya berusia 16 tahun seperti Nova saat ini. Sungguh misterius, bagaimana mungkin 70 tahun lalu nenek buyutnya sudah tahu bahwa kelak cicitnya bernama Nova? Dan dari mana nenek buyutnya tahu tentang keresahan-keresahan Nova? Tentang bumi yang sudah tak seindah dulu lagi, tentang spesies yang punah, tanah-tanah yang tenggelam, kutub yang meleleh. Dan, benarkah cincin rubi merah dari legenda Aladin, menjadi kunci untuk mengembalikan keseimbangan bumi? Cincin yang selama ini melingkar di jari Anna, nenek buyutnya?",2025,252,"3,35",Hopeful,Reflective,Sad,covers/dunia_anna.jpg
167,Ekspedisi Paus Yunus,Sci-Fi,Ahmad Mustafa,"Satu kapal selam rakitan, dua remaja nekat, dan jutaan misteri di dasar Palung Agung. Bagi Yunus Bahari, laut bukan sekadar rahim purba tempat kehidupan bermula, tetapi juga tempat peradaban lain bersembunyi di dasarnya. Keyakinan itulah yang membuat ahli maritim tersebut dianggap gila karena berusaha mencarinya ke Palung Agung. Sayang, dia tewas secara misterius dalam ekspedisinya ke palung tersebut. Cucunya, Yunan, menolak kabar itu. Lima tahun kemudian, bersama sahabatnya, Mutiara, dia memulai pencarian dengan kapal selam rakitannya: Paus Yunus. Namun, apakah Kakek Yunus memang masih hidup? Di tengah ketidakpastian dan mara bahaya laut, keduanya menjumpai beragam spesies asing yang memunculkan pertanyaan: adakah mereka berasal dari “Kota Dalam” di Palung Agung? Dan apakah peradaban tersebut benar-benar ada? ",2026,356,"4,67",Inspiring,Hopeful,Reflective,covers/ekspedisi_paus_yunus.jpg
168,Rekayasa Buah,Sci-Fi,Rio Johan,"Seorang insinyur rekayasa buah berambisi merancang 1000 varian beri, dua insinyur muda berlomba mencuri perhatian seorang gadis cantik melalui rancangan-rancangan buah naga yang baru, seorang insinyur lain diteror oleh buah ceri penumbuh inspirasi yang dirancangnya sendiri, lantas ada cerita tentang betapa repotnya urusan menciptakan buah penyembuh segala penyakit,dan ada juga cerita tentang seorang bintang iklan holografis yang terobsesi menggunakan buah-buahan kosmetik. ",2026,238,"3,68",Reflective,Inspiring,Hopeful,covers/rekayasa_buah.jpg
169,Scythe,Sci-Fi,Neal Shusterman,"BAGAIMANA KALAU YANG BISA KITA KENDALIKAN HANYA TINGGAL KEMATIAN? Tak ada lagi kelaparan, penyakit, perang, penderitaan di dunia ini: manusia berhasil mengendalikan semua itu, bahkan menaklukkan kematian. Sekarang hanya Scythe yang bisa menghabisi nyawa seseorang––dan itu memang tugas mereka, untuk mengontrol jumlah manusia. Citra dan Rowan terpilih menjadi murid Scythe—meski mereka tidak menginginkannya. Kedua remaja ini harus menguasai “seni” mencabut nyawa. Kegagalan melaksanakan tugas bisa mengakibatkan hilangnya nyawa mereka sendiri. Lalu mereka diberitahu bahwa salah satu dari mereka harus mencabut nyawa yang lain…",2019,468,"4,32",Reflective,Sad,Inspiring,covers/scythe.jpg
170,The Time Machine,Sci-Fi,H.G. Wells,"Penjelajah Waktu menciptakan sebuah perangkat luar biasa untuk menjelajahi waktu. Dengan mesin ini, ia melompat jauh ke masa depan dan tiba di tahun 802.701, di mana ia menemukan dunia yang sangat berbeda dari yang ia kenal. Manusia telah berevolusi menjadi dua spesies: Eloi, makhluk mungil dan lemah yang tampak hidup tanpa kekhawatiran, serta Morlock, makhluk menyeramkan yang hidup di bawah tanah dan memiliki hubungan permusuhan dengan Eloi. Ketika Penjelajah Waktu semakin memahami dunia itu, ia menyadari bahwa perbedaan sosial yang ekstrem telah menciptakan peradaban yang terpecah dan menakutkan. Eloi, meskipun tampak bahagia, sebenarnya adalah makhluk lemah yang kehilangan kemampuannya bertahan hidup dengan kelompoknya. Morlock, di sisi lain, adalah pekerja bawah tanah yang menjadi predator bagi Eloi. Dalam petualangannya, Penjelajah Waktu berusaha merebut kembali mesinnya yang dicuri dan menyaksikan lebih banyak gambaran masa depan yang suram, sebelum akhirnya kembali ke zamannya sendiri. Namun, ia tidak berhenti di situ—pada akhir cerita, ia menghilang sekali lagi, meninggalkan misteri tentang ke mana dan kapan ia pergi selanjutnya.",2025,208,"3,89",Reflective,Sad,Hopeful,covers/the_time_machine.jpg
171,Masa Depan yang Tidak Boleh Dibicarakan,Sci-Fi,Adit MKM,"Pada suatu podcast, Danu dan Geraldy membayangkan apa yang akan terjadi pada dunia di masa depan. Mereka bermimpi tentang dunia di mana kapitalisme dikalahkan, manusia tidak lagi mengenal uang, dan manusia bekerja bukan demi upah, tapi demi kesejahteraan bersama. Mereka membahas hal-hal yang seharusnya tidak boleh dibicarakan. Tanpa diduga, obrolan penuh canda itu menjadi kenyataan di masa depan. Pasca perang dunia ketiga, Neopolis berdiri sebagai peradaban terakhir umat manusia di bumi. Kota yang dikelilingi tembok tinggi itu sepakat untuk meninggalkan demokrasi, dan menyerahkan kepemimpinan pada kecerdasan buatan bernama Sang Komputer. Semua penduduk Neopolis berbahagia dengan kehidupan mereka yang tanpa sistem ekonomi seperti sekarang. Kecuali satu orang. Ben, seorang urologis yang sudah bosan dengan tugasnya untuk mensterilisasi manusia, kini harus berjuang untuk sebuah kebebasan. Ia memprediksi batas antara kebebasan dan ketaatan dalam peradaban yang dibangun di atas trauma. Apakah kebebasan itu hal utopis atau memang layak diperjuangkan?",2024,258,"3,66",Reflective,Sad,Hopeful,covers/masa_depan_yang_tidak_boleh_dibicarakan.jpg
172,The Star Diaries: Catatan Perjalanan Angkasa Luar,Sci-Fi,Stainslaw Lem,"Kisah ini berpusat pada seorang penjelajah luar angkasa: Ijon Tichy. Dalam penjelajahannya ke berbagai galaksi, Tichy menjadi delegasi untuk Perserikatan Planet-Planet, menyelinap masuk ke planet robot gila, mencoba menduplikasi dirinya sendiri dalam operasi penyelamatan sejarah peradaban manusia, hingga masuk ke planet rahasia di mana segala sesuatu yang ada dalam diri manusia dapat diprogram dengan eksak. Lewat perjumpaannya dengan peradaban futuristik yang jauhnya ratusan juta mil itulah, sains, rasionalitas, kehendak bebas, keyakinan, dan kesucian menjadi pertanyaan besar.",2024,354,"4,21",Reflective,Inspiring,Hopeful,covers/the_star_diaries.jpg
173,Rampok Memori dan Bintang Sambit,Sci-Fi,Mike Chen,"Jamie Sorenson bukan sekadar rampok bank. Ia si Rampok Memori yang bisa mengintip dan mengosongkan ingatan. Ancam, ambil uang, hapus memori, angkat kaki. Biasanya begitu, tetapi aksi terakhirnya nyaris jadi bencana dan ia dikejar-kejar Bintang Sambit, pahlawan super kesayangan San Delgado yang bisa terbang. Zoe Wong tukang antar makanan pada siang hari, tetapi identitas rahasianya sebagai Bintang Sambit membuatnya merasa lebih berarti. Dengan kecepatan super, kekuatan yang tidak kalah super, dan kemampuan melayangnya, reputasinya sebagai kurir sekaligus pahlawan tak bercela. Setelah bahu-membahu menyelamatkan orang-orang dari kebakaran, Jamie dan Zoe sadar mereka memiliki kesamaan: terbangun tanpa ingatan akan identitas mereka di apartemen asing dua tahun yang lalu. Maka, keduanya memutuskan bekerja sama menggali petunjuk tentang masa lalu mereka. Namun sepenting itukah masa lalu? Mungkinkah sebenarnya diri mereka cukup ditentukan oleh pilihan yang mereka ambil saat ini, bukan dulu?",2024,392,3.42,Inspiring,Reflective,Hopeful,covers/rampok_memori_dan_bintang_sambit.jpg
174,Mickey7,Sci-Fi,Edward Ashton,"Mati memang tidak enak... tapi yah, itulah risiko pekerjaan. Mickey7 seorang Expendable: iterasi---clone---yang nyawanya tidak dianggap penting. Ia ikut ekspedisi manusia untuk tinggal di dunia es Niflheim. Kalau ada misi yang sangat berbahaya, dengan taruhan nyawa, Mickey jadi andalan. Kalau ada satu iterasi mati, tubuh baru diregenerasi, lengkap dengan sebagian besar memori tubuh sebelumnya. Pada suatu misi jelajah rutin, Mickey7 hilang dan dianggap tewas. Saat ia berhasil kembali ke markas koloni, nasibnya sudah ditentukan. Ada iterasi baru, Mickey8, yang menggantikannya sebagai Expendable. Expendable ganda tidak disukai, dan kalau ketahuan, mereka akan didaur ulang menjadi protein untuk makanan koloni. Sementara itu, kehidupan di Niflheim terus memburuk. Spesies asli semakin penasaran terhadap tetangga baru mereka, menyebabkan Commander Marshall sangat ketakutan. Pada akhirnya, bertahannya kedua kehidupan akan bergantung pada Mickey7. Masalahnya, bisakah ia bertahan hidup?",2024,416,"3,78",Inspiring,Reflective,Hopeful,covers/mickey7.jpg
175,Lelap dalam Lautan Bintang,Sci-Fi,Christoper Paolini,"Kira Navárez, ahli xenologi dari Bumi, bermimpi tentang hidup di dunia baru. Namun, mimpi buruklah yang dialaminya. Di tengah pekerjaannya menjelajahi galaksi, meneliti planet tak berpenghuni yang mungkin memiliki tanda-tanda kehidupan, Kira menemukan relik alien. Awalnya dia senang, tapi penemuan itu membuat dunianya runtuh. Kehilangan orang-orang terkasih, menghadapi selubung ""hidup"" yang melekat di tubuhnya, bertemu alien yang tak terbayangkan, semua itu menjerumuskan Kira dalam pertempuran di antara bintang-bintang.",2024,424,"3,8",Inspiring,Sad,Hopeful,covers/lelap_dalam_lautan_bintang.jpg
176,Thunderhead,Sci-Fi,Neal Shusterman,"Scythe mengendalikan kematian. Thunderhead mengendalikan semua hal lain. Sistem yang sempurna. Sampai kesempurnaannya musnah. Satu tahun berlalu sejak Rowan keluar dari sistem. Diburu Scythedom, dia menjadi legenda urban, pemburu Scythe korup. Sebagai Scythe Anastasia, Citra memungut dengan belas kasih dan terang-terangan menantang “orde baru”. Namun, ketika nyawanya terancam dan metodenya dipertanyakan, jelaslah kelihatan bahwa tidak semua orang mau menerima perubahan. Thunderhead mengamati segalanya, dan dia tidak menyukai apa yang dilihatnya. Akankah Thunderhead ikut campur? Atau akankah dia hanya mengamati sementara dunia sempurna mulai buyar? ",2020,544,"4,37",Reflective,Inspiring,Sad,covers/thunderhead.jpg
177,The School for Good Mothers,Sci-Fi,Jessamine Chan,"Frida Liu berusaha keras memperbaiki hidupnya. Dia tidak memiliki karir yang sepadan dengan pengorbanan yang dilakukan orang tuanya, yang merupakan imigran asal Cina di Amerika; dan tidak bisa meyakinkan sang suami untuk meninggalkan selingkuhannya. Hanya ketika bersama Harriet, putri kecilnya yang cantik, Frida bisa merasa sempurna. Mungkin Harriet-lah satu-satunya yang dia miliki, dan itu sudah cukup. Hingga Frida mengalami hari yang nahas…. Pejabat pemerintah mengincar para ibu yang lalai seperti Frida. Menurut pihak berwenang, Frida melakukan kesalahan fatal. Frida diwajibkan untuk mengikuti pelatihan khusus, untuk mengukur apakah dia layak disebut sebagai ibu yang baik, atau malah dianggap sebagai orang tua yang jahat. Karena dihadapkan pada kemungkinan akan kehilangan Harriet, Frida pun harus membuktikan bahwa setiap kesalahannya bisa ditebus, dan semua pencapaiannya akan mendapatkan imbalan yang setimpal.",2023,352,"3,53",Sad,Reflective,Hopeful,covers/the_school_for_good_mothers.jpg
178,Kerumunan Terakhir,Sci-Fi,Okky Madasari,"Sepotong kisah tentang kegagapan manusia di tengah zaman yang berubah cepat, yang tak memberi kesempatan setiap orang untuk diam dan mengenang, berhenti dan kembali ke belakang. Dari satu kerumunan ke kerumunan lainnya, dalam kebisingan dan keasingan, generasi zaman ini berbondong-bondong meninggalkan masa lalu menuju masa depan. Tapi di manakah masa depan itu?",2025,360,"3,48",Reflective,Sad,Inspiring,covers/kerumunan_terakhir.jpg
179,Amigdala 1,Sci-Fi,Lubis Grafura,"Aku tidak tahu siapa diriku, namaku, ataupun di mana dan berapa lama jasadku terbaring. Hanya dua penanda waktu yang kutahu: tertidur dan terjaga.

Hal yang kuutahu hanyalah bahwa aku terbangun di sepertiga malam sebagai tentara. Kutempuh lakon ini demi mencari cara menembus tembok atau kubah yang mengurung memoriku.
Sekalipun yang tersisa dari diriku tinggallah satu bagian dari otakku: AMIGDALA!",2021,142,"3,41",Suspenseful,Reflective,Dark,covers/amigdala1.jpg
180,Belantara,Sci-Fi,Liu Cixin,"Apa yang bakal terjadi bila manusia tahu Bumi akan diinvasi alien empat abad lagi? Sesudah mengetahui keberadaan Bumi, peradaban Trisurya mengirimkan armada penyerbu, dan pengintai berupa proton cerdas—sofon—yang bisa mengetahui semua informasi di Bumi kecuali apa yang ada di dalam pikiran manusia. Itulah dasar Proyek Penghadap Tembok, di mana sejumlah ahli siasat ditugasi untuk membuat strategi dalam kepala mereka sendiri tanpa bisa diketahui Trisurya. Sementara itu, Bumi harus membangun armada antariksa, tapi apakah manusia bisa mengatasi perpecahan antar negara dan antarideologi untuk melakukannya? Inilah langkah peradaban manusia dalam persiapan untuk Perang Terakhir.",2022,648,"4,4",Reflective,Inspiring,Sad,covers/belantara.jpg
181,Destination: Jakarta 2040,Sci-Fi,Liu Cixin,"Konsep waktu menjadi suatu fundamental dari bagaimana alam semesta bekerja. Mungkin, manusia sudah bisa memahami bagaimana waktu memengaruhi segala hal melalui ilmu fisika, tetapi belum bisa memanipulasinya. Namaku Ilyas, aku mempelajari alam semesta dan bagaimana menciptakan manipulasi waktu. Waktu memilihku untuk merasakan manipulasi itu secara nyata. Perjalanan manipulasi waktu merusak hubungan cintaku dengan seorang gadis bernama Alisa di tahun 2015, dan dipertemukan kembali secara tiba-tiba di tahun 2040. Perasaan yang aku rasakan sama, tetapi Alisa seperti masuk ke dunia mimpi di mana dia bisa melihat kembali kekasih yang hilang selama 25 tahun. Kehilanganku selama 25 tahun membuat Alisa membuka ‘jalan’ untuk mengetahui apa yang sebenarnya terjadi. Namun, aku bingung oleh perjalanan distorsi waktu, tetapi aku harus mengetahui, apakah ini perjalanan yang harus dihadapi atau disadari?",2019,480,"4,08",Reflective,Emotional,Suspenseful,covers/destination_jakarta_2040.jpg
182,Pralaya,Sci-Fi,Liu Cixin,Manusia Bumi mulai menjelajah ke luar tata surya dan menyadari bahwa alam semesta lebih besar dan berbahaya daripada yang dibayangkan. Dan sepertinya bukan hanya satu peradaban luar Bumi—Trisurya—yang harus dikhawatirkan manusia. Tetapi Teori Belantara Gelap telah memungkinkan Bumi mencegah Trisurya menyerbu dan membuat kedua peradaban mengadakan gencatan senjata. Manusia bisa kembali memajukan sains berkat pengetahuan yang didapat dari Trisurya dan Trisurya mulai mengenal budaya Bumi. Tampaknya kedua peradaban akan hidup berdampingan dalam damai… tapi apakah benar demikian? Akankah umat manusia berhasil mencapai bintang-bintang atau musnah tertelan kegelapan antariksa?,2023,768,"4,4",Reflective,Dark,Suspenseful,covers/pralaya.jpg
183,Tiga dalam Kayu,Sci-Fi,Ziggy Zezsyazeoviennazabrizkie,"Di masa depan, perpustakaan tak ubahnya pekuburan prehistoris. Di sanalah kita bertemu dengan seorang gadis, dan sebelas buku yang menceritakan sejarah dengan cara masing-masing. Cerita dalam buku-buku itu sering terasa ganjil, kadang terasa begitu asing, kadang pula sebaliknya: terasa dekat, seperti kita tahu tentang apa sebetulnya cerita-cerita itu. Setiap buku menyajikan cerita yang sepenuhnya berlainan dari buku lain, tetapi kita–sebagaimana gadis itu–tahu bahwa ada satu hal yang menghubungkan sebelas buku itu. Selanjutnya, kita diajak tenggelam dalam dunia di luar buku yang tak kalah ganjil, asing, dan dekat.",2022,168,"3,66",Reflective,Suspenseful,Dark,covers/tiga_dalam_kayu.jpg
184,Amigdala 2,Sci-Fi,Lubis Grafura,"Tak kusangka semua ini begitu rumit dan tak terbayangkan. Aku adalah objek sebuah riset ambisius pemerintah bersama para ilmuwan gila. Mereka menghapus semua kenangan tentangku, dan kini membiarkanku mencari “siapa aku”. Aku terus diburu Karena bagi mereka aku istimewa. Namun, semakin jauh pelarianku, hanya petunjuk aneh yang kutemui. Kiri: Talamus, Pituitari, dan Serebelum. Kanan: Serebelum, Amigdala, Hipokampus, Korteks, Korpus. Dan ... aku tersesat di dalam otakku!",2021,152,"3,25",Reflective,Suspenseful,Dark,covers/amigdala2.jpg
185,The Fever Code,Sci-Fi,James Dashner,"Pertama, dunia hancur: hutan-hutan terbakar, danau serta sungai mengering, dan permukaan laut naik. Lalu, datanglah wabah: demam menyebar ke seluruh dunia. Kematian melanda, kekerasan berkuasa, dan pembunuhan merajalela. Dalam keputusasaan, muncullah WICKED yang mencari solusi untuk menyelamatkan dunia. Mereka lantas menemukan anak laki-laki yang sempurna. Anak itu bernama Thomas, dan dia menciptakan sebuah labirin, di mana rahasia serta kebohongan bertumpuk di dalamnya.",2016,450,"4,02",Sad,Reflective,Hopeful,covers/the_fever_code.jpg
186,"Supernova 1: Kesatria, Putri, dan Bintang Jatuh",Sci-Fi,Dee Lestari,"Paralel dengan itu, dalam kehidupan nyata, sebuah kisah cinta terlarang terjalin antara Ferre dan Rana. Hubungan cinta mereka merepresentasikan dinamika yang terjadi antara tokoh Kesatria dan Putri dalam fiksi Dimas dan Reuben. Tokoh ketiga, Bintang Jatuh, dihadirkan oleh seorang peragawati terkenal bernama Diva, yang memiliki profesi sampingan sebagai pelacur kelas atas. Tanpa ada yang bisa mengantisipasi, kehadiran sosok bernama Supernova menjadi kunci penentu yang akhirnya merajut kehidupan nyata antara Ferre-Rana-Diva dengan kisah fiksi karya Dimas-Reuben dalam satu dimensi kehidupan yang sama.",2025,342,"3,88",Reflective,Heartwarming,Hopeful,covers/supernova1.jpg
187,Supernova 2: Akar,Sci-Fi,Dee Lestari,"Di Bolivia, Gio mendapat kabar bahwa Diva hilang dalam sebuah ekspedisi sungai di pedalaman Amazon. Di Indonesia, perjalanan seorang anak yatim piatu bernama Bodhi dimulai. Bodhi, yang dibesarkan di wihara oleh Guru Liong, akhirnya meninggalkan tempat ia dibesarkan dan bertualang ke Asia Tenggara. Di Bangkok, ia bertemu pria eksentrik bernama Kell yang mengajarinya seni tato. Setelah melalui petualangan yang berliku di berbagai negara, Bodhi akhirnya kembali ke Indonesia. Ia dipertemukan dengan tokoh punk karismatik bernama Bong. Sejak itu, Bodhi menjadi bagian dari komunitas punk dengan perannya sebagai seniman tato. Sebuah surat misterius yang ditemukan secara tidak sengaja oleh Bodhi kembali membawanya ke gerbang petualangan baru.",2026,288,"3,88",Reflective,Inspiring,Hopeful,covers/supernova2.jpg
188,2029,Sci-Fi,Ryu Gwang-ho,"Andai saja mahakarya George Orwell, 1984, hanyalah distopia masyarakat yang berada di bawah kontrol Big Brother belaka.
Empat puluh lima tahun berselang, pada 2029, segala sesuatunya telah berbeda.
Jauh lebih siap.
Jauh lebih sempurna.

AI, kartu vaksin, uang elektronik, identitas digital, hingga kredit sosial.

Apa yang akan kau lakukan jika lima hal yang kau anggap remeh ternyata berbalik mengancammu? Ryu Kwang-ho meramalkan bahwa era modernisasi yang menawarkan kenyamanan dan keamanan malah mengekang eksistensi manusia.

Atas berlakunya pengawasan melalui pemberian kredit sosial, transaksi jual beli lewat uang elektronik, kewajiban vaksin untuk mengakses lebih banyak tempat, hingga robot-robot anjing yang senantiasa memantau gerak-gerik manusia, terjadilah kendali penuh oleh kekuasaan yang lebih sempurna dibandingkan distopia 1984.
Pada 2029.",2025,292,"3,18",Dark,Reflective,Suspenseful,covers/2029.jpg
189,A Photon Is A Single Quantum of Love,Sci-Fi,Olan D. Bumi,"Bagi seorang Emi Quinn, kemampuannya dalam menciptakan alat yang mampu menganalisis kompleksitas data supermanusia tidaklah membuat dirinya menjadi Tuhan yang bisa mendikte semua hal yang ia inginkan, menjadi raja dengan berbagai aturan yang bebas diputuskan, mendapatan kepuasan yang begitu dalam tanpa perlu memahaminya dengan makna. Pertemuannya dengan seorang Erland seakan menjadi bukti adanya pengaruh besar yang sengaja ia hilangkan dalam hidupnya",2023,538,5,Reflective,Suspenseful,Inspiring,covers/a_photon_is_a_single_quantum_of_love.jpg
190,Achrodiag,Sci-Fi,Rahmandhika Firdauzha Hernandha,"Achrodiag adalah sebuah proyek penelitian rekayasa otak saat masa Perang Dunia II yang dianggap gagal dan tak lagi diteruskan. Akan tetapi secara diam-diam seorang profesor misterius berhasil menyalin seluruh dokumen proyek tersebut sebelum dimusnahkan. Dengan melakukan berbagai eksperimen untuk meneruskan proyek Achrodiag, akhirnya sang profesor mampu melahirkan manusia dengan kemampuan unik. Mereka menyebut diri mereka sebagai Soul Mover, yang mampu memindah nyawanya sendiri ke tubuh orang lain dengan menidurkan nyawa orang lain ke dalam ruang tanpa warna dalam otak. Seiring berjalannya waktu, Soul Mover kini diburu untuk diteliti lebih lanjut oleh seorang profesor aneh bernama George Waldmann. Demi memuaskan keinginannya sendiri, Waldmann menjalin hubungan dengan organisasi kriminal berkedok sebuah perusahaan ternama. Kini, tugas para Soul Mover yang berhasil lolos dari perburuan untuk menghentikan Waldmann. Entah dengan jalan “membunuh pemikirannya” atau “membunuhnya”. Mampukah mereka?",2018,226,"4,75",Suspenseful,Dark,Thrilling,covers/achrodiag.jpg
191,Hunger Games #1,Sci-Fi,Suzanne Collins,"Dua puluh empat peserta. Hanya satu pemenang yang selamat. Amerika Utara musnah sudah. Kini di bekasnya berdiri negara Panem, dengan Capitol sebagai pusat kota yang dikelilingi dua belas distrik. Katniss, gadis 16 tahun, tinggal bersama adik perempuan dan ibunya di distrik termiskin di Distrik12. Karena pemberontakan di masa lalu terhadap Capitol, setiap tahun masing-masing Distrik harus mengirim seorang anak perempuan dan anak lelaki untuk bertarung sampai mati dan ditayangkan secara langsung di acara televisi The Hunger Games. Hanya ada satu pemenang setiap tahun. Tujuannya adalah membunuh atau dibunuh. Ketika adik perempuannya terpilih mengikuti The Hunger Games, Katniss mengajukan diri untuk menggantikannya. Dan dimulailah pertarungan yang takkan pernah dilupakan Capitol.",2025,408,"4,35",Sad,Inspiring,Hopeful,covers/hunger_games1.jpg
192,Hunger Games #2: Tersulut,Sci-Fi,Suzanne Collins,"Api Pemberontakan sudah tersulut. Dan Capitol ingin membalas dendam. Katniss Everdeen berhasil keluar sebagai pemenang Hunger Games bersama Peeta Mellark. Tapi kemenangan itu menyulut kemarahan Capitol. Kemenangan Katniss ternyata membangkitkan semangat pemberontakan di beberapa distrik untuk menentang kekuasaan Presiden Snow yang kejam. Presiden Snow mengancam Katniss untuk meredakan kegelisahan penduduk distrik dalam Tur Kemenangan-nya. Satu-satunya cara untuk meredakan kegelisahan penduduk adalah membuktikan bahwa dia dan Peeta saling mencintai tanpa ada keraguan sedikit pun. Jika gagal, keluarga dan semua orang yang disayangi Katniss menjadi taruhannya....",2025,424,"4,36",Inspiring,Sad,Hopeful,covers/hunger_games2.jpg
193,Hunger Games #3: Mockingjay,Sci-Fi,Suzanne Collins,Katniss Everdeen selamat dari Hunger Games dua kali. Tapi Katniss belum sepenuhnya aman dari ancaman Capitol meskipun sekarang ia dalam lindungan Distrik 13. Pemberontakan makin merajalela di distrik-distrik untuk menjatuhkan Capitol. Kini tak ada seorang pun yang dicintai Katniss aman karena Presiden Snow ingin menumpas revolusi dengan menghancurkan Mockingjay... bagaimanapun caranya.,2025,432,"4,12",Sad,Reflective,Hopeful,covers/hunger_games3.jpg
194,Balada Burung Penyanyi dan Ular,Sci-Fi,Suzanne Collins,"Ambisi mendorongnya. Kompetisi menggerakkannya. Namun, kekuasaan ada harganya. Pagi hari menjelang dimulainya Hunger Games Kesepuluh, Coriolanus Snow yang berusia 18 tahun bersiap-siap menjadi mentor. Keluarga Snow yang dulunya jaya kini jatuh miskin. Nasib mereka bergantung pada kemampuan Coriolanus untuk menebar pesona dan mengalahkan siswa-siswa lain untuk menjadi mentor peserta yang akan memenangkan Hunger Games. Keberuntungan sepertinya tidak berpihak pada Coriolanus. Dia mendapat peserta perempuan dari Distrik 12, distrik yang dipandang sebelah mata. Takdir Corioanus dan sang peserta bertaut---setiap keputusan yang diambilnya bisa menentukan kemenangan atau kekalahan, keberhasilan atau kegagalan. Di dalam arena, para peserta berjuang sampai mati. Di luar arena, Coriolanus mulai jatuh hati pada gadis yang dimentorinya… dan dia rela berbuat apa saja, bahkan melanggar peraturan, demi bertahan hidup dan memperoleh kejayaannya. Prolog: Coriolanus mencemplungkan segenggam kubis ke panci berisi air mendidih dan bersumpah akan ada hari ia takkan makan sayuran itu lagi. Tapi bukan hari ini. Ia butuh menyantap semangkuk besar makanan berwarna pucat itu dan meminum kuahnya sampai tetes terakhir, agar perutnya tidak keroncongan selama upacara pemungutan. Ini salah satu tindakan yang dilakukan Coriolanus untuk berjaga-jaga dan menutupi kenyataan tentang keluarganya, yang meskipun tinggal di gedung apartemen paling mewah, sama miskinnya dengan gembel yang tinggal di distrik. Pada usia delapan belas tahun, keturunan keluarga Snow yang dulunya merupakan keluarga terpandang, kini hanya bisa mengandalkan akalnya untuk bertahan hidup.",2023,656,"3,99",Reflective,Sad,Inspiring,covers/balada_burung_penyanyi_dan_ular.jpg
195,Assassin's Creed: Last Descendants: Makam Sang Khan,Sci-Fi,Matthew J. Kirby,"Owen dan teman-temannya kalah. Namun, ketika menemukan lokasi potongan relik kuno berkekuatan besar—Trisula Firdaus—mereka seolah bakal tak tertaklukkan.

Potongan itu dicari oleh Persaudaraan Assassin dan Ordo Templar, tapi lalu dicuri oleh pihak ketiga. Ikatan lemah di antara remaja-remaja itu pun buyar—Owen dan temannya Javier berpihak pada kaum Assassin, yang lain pada Templar.

Kini masih ada dua potongan Trisula Firdaus yang perlu ditemukan, dan Owen serta teman-temannya bertekad untuk tidak mengulangi kesalahan. Potongan berikutnya itu dikabarkan dikubur bersama panglima perang Mongol Möngke Khan (cucu Genghis Khan), yang makamnya tidak pernah ketahuan berada di mana.

Para remaja di kedua kubu yang berkonflik itu pun harus terjun ke dalam simulasi menuju Cina Mongol yang tengah berperang, berpacu dengan waktu untuk menemukan potongan berikutnya.

Dan memastikan keselamatan mereka sebelum musuh menemukan benda dahsyat tersebut.",2026,404,"4,01",Thrilling,Suspenseful,Inspiring,covers/makan_sang_khan.jpg
196,Assassins's Creed: Last Descendants: Takdir Para Dewa,Sci-Fi,Matthew J. Kirby,"Hanya satu potongan Trisula Firdaus yang tersisa. Isaiah, agen Templar yang memberontak, menemukan mata garpu keyakinan dan ketakutan, bagian dari relik berkekuatan dahsyat itu. Andai dia mendapatkan yang ketiga, mata garpu kesetiaan, hampir tidak ada yang akan bisa melawannya di dunia. Sementara itu, Owen dan teman-temannya membentuk persekutuan rapuh antara Assassin dan Templar demi menghentikan Isaiah.

Lebih dari seribu tahun sebelumnya, Styrbjörn sang Perkasa, pendekar Viking dari akhir abad kesepuluh, memimpin kaum Jomsviking melawan raja Denmark, Harald Bluetooth. Di medan pertempuran itulah tersembunyi rahasia mata garpu kesetiaan. Di sanalah terdapat nasib dunia, kebenaran di balik hubungan di antara para remaja, dan hubungan di antara para leluhur mereka.

Sejarah telah dituliskan. Sisanya bergantung pada Owen, Javier, dan anggota-anggota lain. Tindakan mereka akan mengubah dunia Assassin’s Creed selamanya.",2026,440,"3,96",Thrilling,Suspenseful,Inspiring,covers/takdir_para_dewa.jpg
197,Hujan,Sci-Fi,Tere Liye,"Saat usianya baru menginjak 13 tahun, Lail menjadi seorang yatim piatu akibat ayah dan ibu Lail yang terkena letusan Gunung Api Purba dan gempa yang membuat kota tempat mereka tinggal hancur.

Lail yang pada saat itu juga termasuk korban bencana berhasil diselamatkan oleh anak laki-laki bernama Esok. Lail dan Esok akhirnya menjadi sepasang yang tak terpisahkan sampai akhirnya mereka harus berpisah karena tempat pengungsian yang mereka tinggali tutup. Lail akhirnya menetap di sebuah panti sosial dan Esok diangkat menjadi anak salah satu keluarga.

Mereka menjalani kehidupannya masing-masing. Pertemuan mereka untuk melepas rindu dilakukan rutin sebulan sekali meski akhirnya jadwal pertemuan harus diubah akibat Esok yang harus meneruskan pendidikan di Ibu Kota. Pertemuan mereka berubah menjadi setiap Esok berlibur semester. Frekuensi pertemuan keduanya semakin jarang.

Sampai suatu ketika, ayah angkat Esok, wali kota, menemui Lail dan memohon agar Lail menolak tiket yang akan diberikan esok agar tiket tersebut dapat diberikan ke anaknya. Kesalahpahaman pun terjadi. Lail tak kunjung mendapatkan kabar dari Esok. Akhirnya, Lail memutuskan untuk masuk ke ruang modifikasi ingatan. Lail ingin semua memori dan beban yang ada di ingatannya menghilang. Lantas apa yang akan terjadi pada kisah Lail dan Esok?",2022,320,"4,45",Sad,Hopeful,Reflective,covers/hujan.jpg
198,Assassins's Creed: Last Descendants: Keturunan-Keturunan Terakhir,Sci-Fi,Matthew J. Kirby,"Tidak ada yang beres dalam kehidupan Owen sejak ayahnya meninggal dunia di penjara. Monroe, pegawai IT di sekolah, memberi jalan bagi Owen untuk memulihkan nama baik sang ayah. Ia mengizinkan Owen menggunakan Animus---mesin yang mampu membawa penggunanya menjelajahi memori genetik DNA.

Saat dalam simulasi, Owen mengungkapkan keberadaan relik berkekuatan besar: Trisula Firdaus. Dua organisasi rahasia---Persaudaraan Assassin dan Ordo Templar---mengincar artefak ini.

Di bawah panduan Monroe, Owen dan sekelompok remaja lain lalu memasuki memori DNA: Kerusuhan Draf di New York City tahun 1863. Owen dan rekan-rekannya diuji di jalanan ganas New York.

Pengalaman-pengalaman mereka di masa lalu akan berdampak jauh ke masa kini.",2018,380,"3,83",Suspenseful,Thrilling,Inspiring,covers/keturunan_keturunan_terakhir.jpg
199,Light Novel: Stand By Me Doraemon,Sci-Fi,Fujiko F. Fujio,"Nobita Nobi, anak SD yang selalu payah dalam melakukan apa pun, tiba-tiba didatangi oleh cucu dari cucunya sendiri yang bernama Sewashi, serta robot bernama Doraemon yang sama-sama berasal dari masa depan. Mereka bilang hidup Nobita ke depannya akan dipenuhi rintangan dan kesulitan, sehingga mereka datang untuk membuatnya bahagia. Masa depan cemerlang yang disarankan Doraemon adalah “menikah dengan Shizuka”. Nobita dan Doraemon pun mulai bahu-membahu untuk dapat menciptakan masa depan yang indah tersebut.",2023,164,"4,75",Heartwarming,Inspiring,Hopeful,covers/stand_by_me1.jpg
200,Light Novel: Stand By Me Doraemon 02,Sci-Fi,Fujiko F. Fujio,"Setelah dimarahi ibunya karena menyembunyikan kertas ujian, Nobita jadi sangat merindukan neneknya yang dulu selalu memanjakannya. Bersama Doraemon, Nobita menggunakan mesin waktu untuk kembali ke masa lalu dan bertemu sang nenek. Namun, ternyata neneknya memiliki satu keinginan sederhana: melihat calon istri Nobita di masa depan. Di saat yang sama, Nobita dewasa justru kabur dari acara pernikahannya sendiri. Akankah Nobita benar-benar menikah? Dan bagaimana caranya memenuhi keinginan sang nenek?",2023,172,"4,8",Heartwarming,Sad,Inspiring,covers/stand_by_me2.jpg
201,Buku Contekan Saat Dewasa - Contekan dari Orang yang Pernah Bingung (Karena Dewasa Tak Ada Modulnya),Self Improvement,Yosia Margaretta,"Tidak ada yang memberi tahu bahwa menjadi dewasa ternyata serumit ini. Tidak ada yang benar-benar siap menjadi dewasa. Kita cuma berusaha terlihat kuat di tengah pekerjaan yang melelahkan, relasi yang rumit, dan ekspektasi yang tidak ada habisnya. Kadang kita tertawa di luar tapi retak di dalam. Kadang ingin berhenti, tapi dunia terus menuntut untuk berjalan terus. Setelah semua pencapaian dan rencana, masih ada rasa kosong, bingung, dan pertanyaan yang tak juga terjawab. Bahkan, tidak semua hal berjalan sesuai urutan: kuliah–kerja–menikah–bahagia. Kadang malah: kerja–burnout–healing–ulang dari nol. ",2025,150,4,Reflective,Sad,Hopeful,covers/buku_contekan_saat_dewasa.jpg
202,The Let Them Theory,Self Improvement,Mel Robbins,"Let Them; Dua Kata Sederhana yang Akan Mengubah Cara Anda Berpikir tentang Seluruh Hidup Anda Kalau Anda mengalami kesulitan untuk mencapai tujuan, atau untuk merasa bahagia, masalahnya tidak terletak pada Anda. Masalahnya ada pada kekuasaan yang Anda berikan kepada orang lain. Di buku ini, Anda akan belajar betapa dua kata—Let Them—bisa membebaskan Anda. Bebas dari opini, drama, dan penilaian orang lain. Bebas dari lingkaran melelahkan untuk berusaha mengatur segala sesuatu dan semua orang di sekeliling Anda. Ada cara yang lebih baik untuk hidup. The Let Them Theory adalah metode terbukti yang akan mengajari Anda cara melindungi waktu dan energi, serta berfokus pada apa yang benar-benar berarti bagi Anda. Anda sudah menghabiskan terlalu banyak waktu mengejar persetujuan, mengatur kebahagiaan orang lain, dan membiarkan opini mereka menahan langkah Anda. Pelajari cara menyerahkan kekuasaan dan mulai menciptakan kehidupan tempat Anda menjadi yang utama—mimpi Anda, tujuan Anda, kebahagiaan Anda. Let Them adalah alat sederhana yang tak bisa berhenti dibicarakan oleh jutaan orang di seluruh dunia karena kemanjurannya. Cara tercepat untuk memegang kendali atas hidup Anda adalah dengan berhenti berusaha mengendalikan orang lain dan berfokus pada hal yang bisa Anda kendalikan: diri Anda. Dengan membiarkan orang lain menjalani hidup mereka, Anda pada akhirnya akan bisa menjalani hidup Anda.",2025,328,"4,01",Inspiring,Hopeful,Reflective,covers/the_let_them_theory.jpg
203,"Wild, Willing, and Wise",Self Improvement,Heatherash Amara,"Di kehidupan yang semakin penuh tekanan, banyak dari kita yang salah memahami tentang siapa diri kita sebenarnya. Kita menjalani hidup dengan jalan yang tidak selaras dengan hati, terus mencoba “menyesuaikan diri” alih-alih menyatu dengan kekuatan sejati di dalam diri. Buku ini hadir sebagai panduan yang membebaskan, relevan bagi siapa pun yang tengah mencari keutuhan batin dan arah hidup yang bermakna. HeatherAsh Amara memperkenalkan tiga energi utama dalam diri kita—Wild, Willing, dan Wise—sebagai kunci untuk memahami dan menyeimbangkan kehidupan kita. Energi Wild membawa kita pada kreativitas dan kelimpahan yang sering terlupakan, energi Willing menghidupkan keberanian untuk mengambil langkah, dan energi Wise mengajarkan kita untuk bersyukur dan menyerah pada kebijaksanaan yang lebih besar. Lewat gaya bertutur yang hangat dan membumi, ia mengajarkan kepada kita cara menyeimbangkan ketiga energi tersebut untuk menemukan kebebasan dan keselarasan batin. Buku ini bukan buku teori atau nasihat yang menggurui—melainkan teman seperjalanan yang mendampingi kita memahami luka, potensi, dan kekuatan sejati dalam diri. Mengajak kita menyelami perjalanan reflektif melalui cerita pribadi, kuis pemahaman diri, latihan-latihan sederhana, dan visualisasi yang bisa dilakukan di rumah. Sangat direkomendasikan bagi siapa saja yang ingin menyembuhkan diri, menemukan kembali kekuatan batin, dan menjalani hidup secara autentik.",2025,200,"4,39",Reflective,Hopeful,Inspiring,covers/wild_willing_and_wise.jpg
204,Untuk Kamu Anak Pertama,Self Improvement,catatan_ariesta,"Hai kamu, anak pertama yang tercipta untuk selalu tegar. Bagaimana kabarnya? Baik atau semoga lekas membaik? Sudah sembuh dari luka batin atau semoga lekas sembuh? Ternyata, menjadi anak pertama semenyakitkan itu, ya? Dengan sengaja, buku ini kutulis untuk kamu. Ya, kamu, anak pertama.",2025,136,4,"Heartwarming
",Reflective,Hopeful,covers/untuk_kamu_anak_pertama.jpg
205,Kecerdasan Emosional,Self Improvement,Daniel Goleman,"Apakah IQ adalah takdir? Ternyata tidak sebagaimana yang lumrah kita pikirkan. Gardner memperlihatkan mengapa orang yang ber-IQ tinggi mengalami kegagalan dan orang yang ber-IQ sedang menjadi sangat sukses. Penyebabnya adalah “kecerdasan emosional”, yang mencakup kesadaran diri dan kendali dorongan hati, ketekunan, semangat dan motivasi diri, empati, serta kecakapan sosial. Kecerdasan emosional merupakan ciri orang-orang yang menonjol dalam kehidupan nyata: mereka yang memiliki hubungan dekat yang hangat dan menjadi bintang di tempat kerja. Ini juga ciri utama karakter dan disiplin diri, altruisme, serta belas kasih—kemampuan-kemampuan dasar yang dibutuhkan bila kita mengharapkan terciptanya masyarakat yang sejahtera.",2009,486,"4,06",Inspiring,Reflective,Hopeful,covers/kecerdasan_emosional.jpg
206,The Principles Of Power,Self Improvement,Dion Yulianto,"Menjadi sosok yang berkuasa dan berpengaruh adalah keinginan banyak orang. Manusia merasa tidak berdaya ketika mereka tidak memiliki kuasa sehingga mereka akan melakukan apa pun untuk mendapatkan kekuasaan, atau setidaknya menjadi orang yang berpengaruh dan disegani. Kehidupan sehari hari menunjukkan bahwa mereka yang memiliki posisi tinggi cenderung lebih mudah hidupnya. Orang-orang menghormati mereka. Mereka mendapatkan prioritas pertama, serta pelayanan yang jauh lebih istimewa. Siapa yang tidak ingin? Kekuasaan memang terlalu menggoda untuk bisa ditolak. Sepanjang sejarah peradaban manusia, kita sudah membaca, melihat, mendengar, bahkan menyaksikan kekuasaan bergantian tumbuh dan jatuh. Intrik dan perebutan kekuasaan mewarnai hampir setiap pusat kekuasaan di seluruh dunia. Mulai dari istana kuno di Tiongkok dan Jepang, aula-aula megah di Romawi dan Yunani, gedung-gedung pemerintahan di Jerman dan London, istana-istana mewah di Prancis dan Italia, hingga padang rumput di Asia Tengah; semuanya menjadi saksi perebutan dan pergolakan kekuasaan.",2023,194,3,Reflective,Dark,Inspiring,covers/the_principles_of_power.jpg
207,Atomic Habits,Self Improvement,James Clear,"SEBUAH SISTEM REVOLUSIONER UNTUK MENJADI 1 PERSEN LEBIH BAIK SETIAP HARI Orang mengira ketika ingin mengubah hidup, Anda perlu memikirkan hal-hal besar. Namun, pakar kebiasaan terkenal kelas dunia James Clear menemukan cara lain. Ia tahu bahwa perubahan nyata berasal dari efek gabungan ratusan keputusan kecil—dari melakukan dua push-up sehari, bangun lima menit lebih awal, sampai menahan sebentar hasrat untuk menelepon. Ia menyebut semua itu atomic habits. Dalam buku terobosan ini, Clear pada hakikatnya mengungkapkan bagaimana perubahan-perubahan sangat remeh tersebut dapat mewujud menjadi hasil-hasil yang sangat mengubah hidup. Ia menyingkap beberapa trik sederhana dalam hidup kita (seni Menumpuk Kebiasaan yang terlupakan, kekuatan tak terduga Aturan Dua Menit, atau trik untuk masuk ke Zona Goldilocks), serta menggali teori psikologi dan neurosains termutakhir untuk menerangkan mengapa semua itu penting. Ia menceritakan kisah-kisah inspiratif para peraih medali emas Olimpiade, para CEO terkemuka, dan ilmuwan-ilmuwan istimewa yang telah menggunakan ilmu pengetahuan tentang kebiasaan-kebiasaan kecil untuk tetap produktif, termotivasi, dan bahagia. Perubahan-perubahan kecil ini akan mendatangkan pengaruh revolusioner pada karier, hubungan pribadi, dan hidup Anda.",2025,352,"4,31",Inspiring,Hopeful,Reflective,covers/atomic_habits.jpg
208,Menjadi: Seni Membangun Kesadaran tentang Diri dan Sekitar,Self Improvement,Afutami,"Kemampuan berpikir adalah sebuah perjalanan—bukan tujuan—yang sebagai konsekuensinya akan menumbuhkan pemahaman tentang diri, kemampuan memecahkan masalah secara lebih efektif, sikap terbuka terhadap pemikiran baru, hingga empati yang lebih baik dalam berhubungan dengan manusia lain. Lewat buku “Menjadi”, Afutami menawarkan peta jalan yang membantu penelusuran tersebut. Alih-alih menggurui, buku ini mengajak kita berkaca lewat perjalanan penulisnya dalam memproses disonansi dari berbagai paradoks kehidupan yang ditemuinya, mulai dari privilese dan ketimpangan, nasionalisme dan humanisme, hingga ekonomi dan lingkungan. Di akhir, Menjadi juga menawarkan opsi konkret untuk mengejawantahkan kemampuan berpikir tersebut ke dalam aksi dan kontribusi nyata. Harapannya, buku ini bisa menjadi teman dalam berproses dan penemuan-penemuan internal yang memerdekakan diri serta membantu membangun hubungan lebih sehat dengan sekitar.",2022,224,"4,44",Reflective,Hopeful,Inspiring,covers/seni_membangun_kesadaran_tentang_diri.jpg
209,This is How You Heal,Self Improvement,Brianna Wiest,"Perjalanan pulih diawali dengan terjadinya suatu peristiwa yang tak terduga—biasanya lewat kehilangan mendadak yang mengganggu proyeksi masa depan kita. Namun, sesungguhnya, proses pulih terjadi ketika kita memberi ruang bagi gangguan tersebut untuk membuka mata dari ketidaksadaran yang begitu dalam, melepaskan persona yang telah kita adaptasi, dan secara sadar kembali menyusun kebenaran sejati tentang siapa diri kita sebenarnya. ",2025,320,"4,19",Reflective,Hopeful,Sad,covers/this_is_how_you_heal.jpg
210,Belajar Merelakan,Self Improvement,Shunmyo Masuno,"Di tengah siklus berita, media sosial, surel, dan teks yang tiada henti, mungkin sulit mengetahui kapan, jika memang pernah, Anda dapat beristirahat dari segala hal yang menuntut perhatian. Buku ini menawarkan pesan radikal: Anda dapat membiarkan semua apa adanya, dan memang, terkadang hal terbaik yang dapat Anda pelajari adalah cara untuk tidak melakukan apa pun. ",2025,224,"3,49",Reflective,Heartwarming,Hopeful,covers/berani_merelakan.jpg
211,"100 Things I Wish I Knew Earlier",Self Improvement,Grace Tahir,"Pelajaran hidup di buku ini divisualisasikan melalui origami. Hidup adalah jalinan pengalaman yang rumit, seperti origami, ketika selembar kertas sederhana berubah menjadi kreasi yang menakjubkan melalui lipatan-lipatan yang cermat. Buku ini berfungsi sebagai panduan untuk menavigasi kompleksitas kehidupan, dengan menarik persamaan antara tantangan yang kita hadapi dan proses origami yang rumit. Sama seperti selembar kertas yang menahan rasa sakit karena dibentuk, kehidupan kita juga dibentuk oleh pengalaman yang mungkin menyakitkan, tapi sekaligus indah. *Terima Lipatan-lipatan itu. *Mulai dengan Fondasi yang Kuat. *Kesabaran adalah Kunci. *Beradaptasi dan Ubah. *Cari Bimbingan. *Rayakan Kemenangan Kecil. *Lepaskan Kendali. *Pentingnya Latihan. *Ciptakan Jalan Kita Sendiri.",2024,224,"4,53","Heartwarming
",Reflective,Hopeful,covers/100_things_i_wish_i_knew_earlier.jpg
212,Not a Cup of Sweet Life,Self Improvement,Rani Galuh,"Tidak semua teh diseduh dengan takaran yang tepat—ada yang terlalu pahit, hambar, atau kelewat manis hingga menusuk tenggorokan. Begitu pula hidup, hadir dalam rasa yang tak selalu bisa kita pilih. Ada kalanya hari terasa seperti air yang belum mendidih, ada kalanya pula terlalu panas hingga melukai. Dan di antara secangkir kehidupan yang kita miliki, terkadang segalanya dibiarkan mendingin, tanpa tahu apakah masih ada rasa yang bisa dinikmati esok hari.",2025,120,"3,17",Reflective ,Sad,Heartwarming,covers/not_a_cup_of_sweet_life.jpg
213,Ada Duka di Bawah Telapak Kaki Ibu,Self Improvement,Khairul Trian,"Bu, aku pulang. Membawa kegagalan sebagai buah tangan. Tubuhku tidak lagi utuh, tolong tetap diterima, ya, Bu. Sebab itulah sisa-sisa kepingan terakhir diriku yang bisa kuselamatkan. Rumahku masih bernama Ibu. Atap-atapnya masih usapan pelan di rambutku, yang di sela-selanya selalu terselip harapan untukku. Dan kali ini, aku pulangkan semua mimpimu atas hidupku, ya, Bu. Maaf, sebab aku tidak tumbuh sebaik itu. Belum sempat aku memberikan bahagia, tapi malah justru menambah lara. Maaf sudah menyiksamu dengan rindu, dan kepulanganku jadi hari yang selalu Ibu tunggu. Maaf langkahku terlalu jauh, sampai lupa Ibu sendiri bisa runtuh. Dan ternyata di balik langkah anak kecil yang sedang mengejar mimpinya itu, akan selalu Ada Duka di Bawah Telapak Kaki Ibu.",2025,200,"3,75",Sad,Heartwarming,Reflective,covers/ada_duka_dibawah_telapak_kaki_ibu.jpg
214,Jangan Nanti-Nanti - Kenapa Ditunda Kalau Bisa Sekarang,Self Improvement,"Hayden Finch, Phd","Melihat orang yang suka menunda pekerjaannnya, kita pasti akan langsung menilai, “Dasar pemalas!” Padahal, menurut ilmu psikologi, tidak semua penundaan semata-mata disebabkan oleh rasa malas. Ada banyak hal yang bisa jadi pemicu kebiasaan kita menunda-nunda sesuatu. Dalam buku ini, Hayden Finch, seorang psikolog yang sudah berpengalaman menangani ratusan pasien yang suka menunda, akan mengajak kita berkenalan lebih dalam dengan penundaan, faktor-faktor penyebabnya, sekaligus cara mengatasinya. Jadi, kalau bisa baca buku ini sekarang, kenapa harus ditunda?",2023,232,"4,04",Inspiring,Reflective,Hopeful,covers/jangan_nanti_nanti.jpg
215,Sejatinya Tidak Ada Cuaca Buruk,Self Improvement,Linda Akeson McGurk,"Sebagai seorang ibu baru yang tinggal di sebuah kota mungil di Indiana, Linda Åkeson McGurk yang lahir dan besar di Swedia perlahan menangkap perbedaan mencolok filosofi pengasuhan anak di tanah kelahirannya dengan yang berlaku di AS. Di Swedia, anak-anak bermain di alam terbuka sepanjang tahun, dan bayi-bayi dianjurkan untuk tidur siang di luar oleh para dokter, apa pun cuacanya. Namun di AS, McGurk mendapati taman-taman bermain yang sepi, dan anak-anak prasekolah justru dicekoki materi-materi akademis, alih-alih bergelantungan dengan riang di pepohonan. Di tengah kegundahan untuk memberi pengasuhan yang tepat, Linda kembali ke tanah kelahirannya dan menemukan betapa nilai-nilai Skandinavia seperti friluftsliv (hidup di alam terbuka) dan hygge (kenikmatan rumahan yang bersahaja) telah mengubah keluarganya secara positif. Menyajikan narasi personal yang ringan sekaligus menggugah para orang tua melalui berbagai inspirasi, Sejatinya Tidak Ada Cuaca Buruk berbagi tentang budaya Skandinavia yang menolong kita membesarkan anak yang lebih sehat, ulet, dan percaya diri.",2025,324,"4,11","Heartwarming
","Reflective
",Hopeful,covers/sejatinya_tidak_ada_cuaca_buruk.jpg
216,Finding Ikigai in My Journey,Self Improvement,Vita Wahid,"Ikigai adalah sebuah konsep hidup Jepang tentang menjalani kehidupan dengan penuh tujuan dan arti. Konsep tersebut beberapa tahun belakangan menjadi cukup popular di dunia. Sebagian orang mengartikan menjalani ikigai artinya bisa meraih kesuksesan dan kebahagiaan sejati dalam hidup. Padahal sebenarnya, ikigai sangat bisa dirasakan dalam keseharian tanpa perlu dikaitkan dengan sebuah pencapaian. Bahkan, dalam situasi hidup yang sedang tidak berpihak kepada kita, ikigai dapat membantu kita untuk tetap menjalani hidup dengan bermakna. ",2023,160,"4,29",Reflective,Hopeful,Heartwarming,covers/finding_ikigai_in_my_journey.jpg
217,Ada Kalanya: Catatan Menemukan Diri dari Kedai Kopi,Self Improvement,Aditya Siregar,"Terkadang kamu berubah karena ambisi. Terkadang kamu bertahan karena tak ingin kehilangan. Terkadang kamu mengejar ilusi karena sebuah penolakan. Semua itu bergumul di kepalamu, seperti instalasi lampu yang pecah di ruang tengah. Dan ketika itu terjadi, ada kalanya kamu harus pergi. Bukan menapaki kaki di gunung-gunung tertinggi. melainkan menyelam ke dalam diri sendiri. Oleh karena itu, mari berjalan beriringan, mencari kembali semua hal yang membuatmu menjadi seperti hari ini.",2023,144,"3,56",Reflective,Heartwarming,Hopeful,covers/catatan_menemukan_diri_dari_kedai_kopi.jpg
218,The Life Journey of Kachu & Moli: The Searching of Myself,Self Improvement,Roy Adimulyo,"Ternyata, perjalanan yang paling jauh dan melelahkan adalah perjalanan hidup kita. Namun dalam perjalanan ini, tujuan bukanlah hal yang terpenting, melainkan apa saja yang kita dapati selama menjalaninya hingga sampai di tujuan. Bersama Kachu dan kambing kecilnya, Moli, lewat buku ini kita diajak menelusuri jejak masa kecil dan betapa hal paling sederhana pun bisa dijadikan pedoman di kemudian hari. Berisi kumpulan renungan yang ditulis secara menyejukkan dengan ilustrasi kartun yang manis, buku ini cocok untuk kamu yang mau menengok masa kecil dan memetik pelajaran-pelajaran dalam perjalanan menuju kedewasaan. Manusia adalah makhluk yang begitu unik. Dengan akal budinya, manusia menciptakan budaya sekaligus mempertanyakannya. Hal inilah yang akhirnya menjadi sebuah paradoks: Sedemikian cerdasnya manusia sehingga mereka tidak mengetahui siapa diri mereka sesungguhnya. Mengapa mereka harus bergumul? Mengapa mereka harus khawatir? Mengapa mereka tidak bisa menguasai dirinya sendiri? Dan banyak hal lainnya yang tidak mudah untuk dijawab. Jawaban-jawaban tersebut mungkin juga tidak ditemukan di buku ini. Buku ini hanyalah cermin dari keunggulan sekaligus kerentanan hidup manusia modern. Dengan berbagai macam kemajuan teknologi dan budaya, manusia dianggap membuat suatu pencapaian. Namun dalam pencapaian tersebut akhirnya manusia pun harus sadar akan hakikat dirinya sendiri yang paling dasar. Semoga renungan sederhana di buku ini bisa membuka hati dan pikiranmu untuk tiba pada pencarian ke tahap selanjutnya karena hidup ini selayaknya proses pencarian/inner searching yang tidak berkesudahan. Selamat mencari!",2023,128,"3,86",Reflective,Heartwarming,Hopeful,covers/the_searching_of_myself.jpg
219,The Art Of Thinking Clearly,Self Improvement,Rolf Dobelli,"Apakah Anda: ● Pernah berniat memulai bisnis sesudah terinspirasi kisah sukses? ● Percaya ramalan dan prediksi para pakar di media? ● Merasa bahwa bertindak itu pasti lebih baik daripada diam saja? ● selalu membuat jadwal dan rencana sambil berharap bisa menepatinya? ● merasa bahwa sesuatu yang diyakini banyak orang benar itu pasti benar? Hati-hati! Mungkin Anda sedang terjebak dalam satu dari 99 sesat pikir dalam buku ini. Sesat pikir (fallacy) atau kekeliruan bernalar timbul karena otak kita aslinya berkembang di dunia zaman dulu yang amat beda dengan dunia sekarang. Agar dapat berpikir lebih jernih dan membuat keputusan lebih baik dalam dunia bisnis, kemasyarakatan. maupun kehidupan pribadi. Kenalilah ke-99 sesat pikir itu. ",2023,411,"3,85",Reflective,Inspiring,Suspenseful,covers/the_art_of_thingking_clearly.jpg
220,Bahagia Tanpa Tapi,Self Improvement,Jeong Moon Jeong,"Tak perlu sempurna untuk meraih kehidupan yang diidamkan. Bahagia tanpa tapi... mungkinkah? Hidup dalam masyarakat yang menetapkan standar tertentu sering menempatkan kita dalam posisi tak nyaman atau sulit. Baik dalam lingkup keluarga, sekolah, kerja, maupun pernikahan. Bagaimana kita bisa terluka karena membenci sesuatu tanpa alasan, penilaian timpang antara kewajiban pria dan wanita dalam rumah tangga, sulitnya unjuk gigi di kantor tanpa bimbingan atau kesempatan, serta keterbatasan gerak karena impitan ekonomi merupakan contoh kondisi tak mengenakkan yang mungkin kita hadapi. Melalui buku ini, Penulis yang bertransformasi dari gadis remaja yang merasa tak dicintai menjadi pekerja kantoran, atasan, dan seorang ibu, mengajak kita lepas dari ketidaknyamanan itu melalui cara-cara membumi dengan satu kunci: niat.  Penulis juga membagikan keberanian untuk keluar dari lingkungan tak sehat, kiat memupuk kepercayaan diri, serta memanfaatkan kekurangan sebagai kekuatan agar bisa meraih kehidupan yang kita idam-idamkan. Kata-kata lugas, ringan, tapi juga kaya rasa dalam buku ini akan merangkul Anda dalam kehangatan sekaligus memompa semangat untuk menjadi versi diri terbaik.",2023,234,"3,81",Inspiring,Heartwarming,Hopeful,covers/bahagia_tanpa_tapi.jpg
221,Tak Apa-Apa Tak Sempurna,Self Improvement,Brene Brown,"Di dalam buku terlaris menurut New York Times yang mengguncang ini, Dr. Brené Brown, mengajak kita untuk belajar tidak terlalu mencemaskan “apa yang orang lain pikirkan” tentang diri kita dan lebih mencintai diri sendiri. Dia mengajak kita untuk menjalani hidup dengan sepenuh hati, dengan merangkul kerapuhan dan kerentanan kita, serta menumbuhkan keberanian, belas kasih, dan keterhubungan. Dengan menjalani sepuluh tiang petunjuk kekuatan hidup yang dijalani dengan Sepenuh Hati—sebuah cara untuk terlibat dengan dunia dari posisi kepantasan-diri—akan membuka hidup kita menjadi lebih sehat, lebih bahagia, dan lebih bersyukur.",2024,248,"4,24","Heartwarming
",Hopeful,Reflective,covers/tak_apa_apa_tak_sempurna.jpg
222,"You Are Overthinking! Pada Dasarnya, Semua Akan Baik-Baik Saja",Self Improvement,Ratna Widia,"Overthinking bisa jadi hal yang sangat melelahkan. Ibarat mendorong meja yang terhalang dinding. Sia-sia dan tidak ada gunanya. Sama halnya ketika Anda memikirkan hal-hal secara berlebihan, banyak pertimbangan dan penuh dengan kecemasan. Apa yang Anda hadapi segalanya jadi terlihat seperti raksasa yang menghadang laju meja yang Anda dorong tadi. Bayangkan laju meja itu sebagai kehidupan Anda. Penulis ingin menyampaikan pesan tentang segala hal yang berhubungan dengan overthinking dari sudut pandang yang berbeda. Pembaca akan diajak untuk menikmati sebuah karya melalui perumpamaan-perumpamaan yang membuat Anda lebur kedalamnya hingga tercabik-cabik emosinya. Dibuat dengan penuh diksi, isi dan solusi. Pembaca akan melihat fenomena-fenomena overthinking dari segala sisi sehingga dapat dijadikan sebagai alat untuk antisipasi. Fenomena harian yang bisa pembaca dapatkan seperti, Berapa jumlah likes-ku ya? Siapa ya yang sudah komen? Upload foto apalagi ya biar feed jadi bagus? Kok chat-ku nggak di-read? Kok chat-ku cuma di-read aja? Kok dia nggak ngabarin sih? Dan masih banyak jenis fenomena overthinking lain yang pastinya membuat kalian akan manggut-manggut dan bicara dalam hati, ""Oh yeaa... ini gue banget nih!""",2020,220,"3,57",Reflective,Heartwarming,Hopeful,covers/you_are_overthinking.jpg
223,How To Heal Your Inner Child,Self Improvement,SIMON CHAPPLE,"Seorang anak yang pernah mengalami pengabaian emosional mungkin akan mengalami kesulitan untuk membentuk keterikatan yang kuat dan aman saat dewasa. Mereka mungkin merasa kosong, hampa, dan tidak berharga (atau malah terlalu penting), menilai diri sendiri dengan terlalu keras, dan berjuang melawan kecenderungan kecanduan (bisa minuman keras, makan, atau olahraga berlebihan). Jika ini menggambarkan diri Anda, berarti inner child Anda perlu dipulihkan. Pemulihan ini nantinya akan mengubah hidup Anda dan mengembalikan cinta, kasih sayang, dan keautentikan yang Anda butuhkan sebagai seorang anak, dan pantas Anda dapatkan sebagai orang dewasa. ",2023,376,"3,76","Heartwarming
",Reflective,Hopeful,covers/how_to_heal_your_inner_child.jpg
224,"Jujur, Ini Berat",Self Improvement,Khoirul Trian,"Semua orang gak harus paham sama kita. Dan memang bukan kewajiban orang lain buat mengerti keadaan kita. Jadilah perawat untuk dirimu sendiri. Pahami betul, bagian mana yang luka? Lalu sembuhkan sendiri, Caranya sama kok, kayak waktu kamu nyembuhin orang lain. Kamu pandai kan nyembuhin orang lain? Masa untuk nyembuhin diri sendiri gak bisa.",2022,192,"4,38","Heartwarming
",Hopeful,Reflective,covers/jujur_ini_berat.jpg
225,A Wakeup Call,Self Improvement,Adi K.,"Banyak orang yang sengaja mengabaikan perasaannya sendiri, menutupi masa lalu, atau memendam luka dan rasa bersalah yang berlebihan. Banyak pula orang yang seperti tidak ingin menerima kenyataan buruk yang terjadi pada dirinya. Kadang seseorang harus diingatkan agar tidak terlalu lama terjebak di masa lalunya. Sesekali waktu setiap orang juga harus dibangunkan dari tidurnya agar mulai menghadapi kenyataan dengan lebih logis dan realistis. Buku ini berisi catatan-catatan kecil pengingat diri sendiri untuk sembuh dan bertumbuh, serta menghadapi hidup dengan lebih kuat dan bijaksana.",2024,160,"2,83",Inspiring,Reflective,Heartwarming,covers/a_wakeup_call.jpg
226,Ketika Ayah Cinta dan Luka Anak Perempuannya,Self Improvement,Retno Ladyta,"Ayah, aku masih mengingat hari di mana kau membiarkanku berjalan dengan satu kaki sendirian. Aku berjalan ke arah yang entah ke mana titik tujuannya. Sudah tak ada lagi wadah untukku bercerita, tak ada lagi ruang istirahat untuk setiap lelahku, bahkan tak ada tempat untukku mengeluh. Tubuhku menelangsa terkoyak kejamnya dunia, Yah. Di kehidupan yang hanya sekali ini, kenapa Ayah membiarkanku berjalan sendirian? Kenapa Ayah diam saja melihatku terluka? Jika Ayah cinta dan luka anak perempuannya—mengapa aku lebih banyak merasakan lukanya? Bisakah Ayah membantuku menemukan makna cinta itu kembali? Tolong, Yah, sebenarnya aku sangat merindukanmu.Bahagia bermula dari perjalanan kembali mencintai diri sendiri.",2025,164,3,Sad,Heartwarming,Reflective,covers/ketika_ayah_cinta_dan_luka_anak_perempuannya.jpg
227,Solve It!: Mindset dan Tools Pemecah Masalah yang Smart,Self Improvement,Dietmar Sternad,"Apa kesamaan Albert Einstein, Elon Musk, Sherlock Holmes, dan Mahatma Gandhi? Mereka semua adalah para ahli dalam seni memecahkan masalah—keterampilan yang sangat dibutuhkan, namun juga dapat Anda pelajari! Dan di dalam buku ini, Anda akan menemukan cara mengasah kemampuan tersebut. Alat yang menuntun Anda meraih kesuksesan dalam pekerjaan dan juga kehidupan! Gunakan buku ini untuk membangun kekuatan Anda dalam memecahkan masalah dan meningkatkan kemampuan Anda untuk mengubah keadaan menjadi lebih baik! Buku ini memberikan temuan mengejutkan tentang ilmu pemecahan masalah. Berisi cara lengkap menerapkan strategi dan menggunakan alat pemecah masalah dengan: - Mengembangkan mindset pemecahan masalah - Pendekatan 5 langkah yang ampuh untuk memecahkan masalah yang paling sulit sekalipun - Inspirasi dari kisah-kisah para pemecah masalah yang sangat sukses - Pelajaran dari para pemecah masalah ahli seperti ilmuwan, dokter, desainer, pelatih, dan konsultan manajemen - Cara menerapkan alat pemecahan masalah dan pengambilan keputusan yang praktis sekarang juga.",2025,232,"4,03",Inspiring,Reflective,Hopeful,covers/mindset_dan_tools_pemecah_masalah_yang_smart.jpg
228,Lighter Lepaskan Sa Lalu Terhubung Dengan Masa Kini,Self Improvement,Yung Pueblo,"Sebuah buku yang penuh dengan belas kasih untuk berfokus ke dalam diri dan mengangkat beban yang menghalangi diri untuk pulih seutuhnya. -Cinta Diri (Self-Love) -Penyembuhan (Healing) -Melepaskan (Letting Go) -Kematangan Emosional (Emotional Maturity) yung pueblo bergulat menuju penyembuhan yang mendalam setelah terjebak dalam masalah yang menguasai tubuh dan pikirannya. Dalam perjalanannya mencari jalan keluar, ia menyadari kalau menghadapi kecemasan dan ketakutan yang selama ini dihindari telah membuatnya tidak lagi merasa asing dengan hati dan pikirannya. Setelah mulai bermeditasi dan mempercayai intuisinya, ia mulai merasakan mentalnya terasa lebih ringan dan rasa cinta mulai terpancar dari dirinya. Penyembuhan ini bukanlah perjalanan yang mudah, tapi bukan juga sesuatu yang tidak mungkin untuk dilakukan. Di buku Lighter, yung pueblo menunjukkan bagaimana kita semua bisa bergerak menuju penyembuhan masing-masing. Mulai dari mencintai diri sendiri hingga mencapai kematangan emosional. Jika beban berat dari masa lalu mulai terlepas satu per satu serta pikiran kita tidak lagi dipenuhi dengan berbagai tekanan sehingga bisa lebih terkoneksi dengan masa kini maka masa depan yang terbentang juga diharapkan bisa menjadi lebih cerah.",2023,320,"4,05","Heartwarming
",Hopeful,Reflective,covers/lighter_lepaskan_masa_lalu_terhubung_dengan_masa_kini.jpg
229,Duel Orang Tua dan Anak: Perjalanan ke dalam Diri,Self Improvement,Adi Susanto CCH,"Tidak dimungkiri, relasi pertama seorang manusia hadir di dunia ini adalah melalui relasi orangtua dan anak. Relasi orangtua-anak adalah “fondasi utama” bagi tumbuh kembang seorang anak manusia yang kemudian berkembang dalam relasi sosial lain seperti relasi suami istri, pertemanan, relasi atasan bawahan, dan lain-lain. Untuk itulah relasi orangtua-anak menjadi penting, patut dilihat, dan dipahami, serta perlu diambil upaya koreksi bilamana dibutuhkan. Umumnya orang menilai sebuah relasi hanya sebatas apa yang tampak di permukaan, bisa baik, biasa, atau buruk. Semua setuju bahwa relasi yang buruk patut diperbaiki dan yang baik dipertahankan atau ditingkatkan. Relasi bersifat dinamis, dapat berubah juga. Apa yang terlihat baik di permukaan belum tentu berakhir dengan baik. Dalam sebuah relasi, khususnya relasi orangtua-anak, sebenarnya diwarnai dengan adanya “duel”. Melalui perspektif duel, menang-kalah, kita lebih mudah untuk memahami seperti apa wujud relasi yang sudah terjadi dan wujud relasi ke depannya. Untuk itulah, buku ini hadir memberikan nuansa pengetahuan kesadaran baru (NEO-wise) tentang duel orangtua-anak yang penting untuk dipahami bersama.",2023,128,4,Reflective,Inspiring,Heartwarming,covers/perjalan_ke_dalam_diri.jpg
230,Leluasa di Hari Selasa,Self Improvement,Laura Vanderkem,"Siapa yang tidak ingin hidup lebih tenang dan bahagia? Namun nyatanya, sering kita terjebak rutinitas dan tugas yang tak berkesudahan. Laura Vanderkam mengajak kita untuk merancang hidup sesuai dengan impian kita. Untuk itu, hidup perlu direncanakan, meski kita selalu dihadapkan dengan tugas harian seperti bekerja, mengasuh anak, sampai perbaikan rumah.",2024,352,"4,23",Inspiring,Hopeful,Reflective,covers/leluasa_dihari_selasa.jpg
231,The Simplicity Principle : Enam Tahap Mengusahakan Kejernihan di Tengah Kompleksitas Dunia,Self Improvement,Julia Hobsbawn,"Steve Jobs berkata dengan tegas, ""Simpel bisa jadi lebih sulit ketimbang kompleks: Anda harus berusaha keras menjernihkan pikiran. Namun akhirnya, kerja keras itu sepadan dengan hasilnya, sebab begitu kamu mencapainya, gunung pun bisa Anda pindahkan."" Apa tantangan untuk menjadi sederhana di dunia modern? Pengguna smartphone mengalami konsentrasinya diinterupsi setiap 12 menit, ada 250 miliar surel dikirim setiap 24 jam dan hingga kini, internet memuat data sebanyak lebih dari 5 zettabite. Itulah kompleksitas yang menyabotase tekad bulat setiap orang untuk menjadi sederhana dan bertumbuh dengan baik. Meski begitu, kompleksitas tidak selayaknya kita hindari. Yang perlu dilakukan adalah belajar merampingkan dan menyederhanakan fokus perhatian kita, serta ke mana kita mencurahkan energi serta inteligensi kita. The Simplicity Principle akan menolong Anda keluar dari membanjirnya pilihan dan kerumitan yang Anda temui di dunia saat ini. Inilah waktu yang tepat untuk merebut kendali fokus dan produktivitas Anda, dan membuatnya tetap SEDERHANA. Prinsip Kesederhanan adalah soal kesehatan, kesejahteraan, dan kebugaran jenis baru, yang terjadi di luar pusat kebugaran. Juga, tentang Kesehatan Sosial, yakni soal bagaimana relasi kita dengan hidup kita, relasi dengan satu sama lain, dan relasi dengan teknologi di era digital.",2024,324,"3,06",Inspiring,Reflective,Hopeful,covers/enam_tahap_mengusahakan_kejernihan_ditengah_kompleksitas_dunia.jpg
232,Buat Kamu yang Lelah Bersih-Bersih,Self Improvement,Sayo Konishi,"Rumah rapi itu nggak harus capek-capek banget, kok! Setiap kali lihat rumah berantakan, kamu mengeluh, “Nanti aja deh.” Tapi, makin ditunda makin stres, dan akhirnya … kamu tetap nggak tahu harus mulai dari mana. Ingat ya, berbenah bukan soal gaya, tapi soal kenyamanan. Berbenah itu bukan kerja rodi, tapi soal strategi. Berbenah itu realistis saja—nggak perlu jadi perfeksionis atau punya waktu luang seharian. Sayo Konishi, konsultan berbenah dari Jepang dengan pengalaman lebih dari dua dekade, bakal nemenin kamu untuk bikin rumah jadi lebih nyaman dan hidup lebih tertata. Kamu akan belajar cara memilah, menyimpan barang, dan menata rumah sesuai kebutuhan kamu—bukan standar orang lain. Cocok buat kamu yang ingin hidup praktis, rapi, tapi tetap chill. Dilengkapi dengan contoh-contoh praktis dalam bab-bab pendek dan mudah dipahami, kamu akan belajar: - Metode 5 langkah simpel dalam berbenah yang bisa kamu jadikan rutinitas. - Membantu kamu membentuk kebiasaan rapi tanpa tekanan. - Tip berbenah yang bisa dipraktikkan di mana saja, mudah dan efektif. Karena hidup praktis dan rapi itu bukan mitos—asal tahu rumusnya.",2025,264,4,Inspiring,Hopeful,Heartwarming,covers/buat_kamu_yang_lelah_bersih_bersih.jpg
233,Semoga Kamu Bisa Tersenyum Hari Ini,Self Improvement,Marcella Viona Legoh,"Kalau kamu merasa belum mencapai apa-apa dalam hidup, atau masih bertanya-tanya apa makna dari hidup, ketahuilah bahwa itu enggak apa-apa. Buku ini hadir untuk membantumu menemukan makna-makna yang tersimpan dalam hidup dan menyadari bahwa selalu ada kemenangan-kemenangan kecil yang berarti dalam hidupmu dan bisa membuatmu tersenyum. Kadang-kadang, kita enggak perlu terburu-buru untuk mengejar tujuan. Kita juga bisa berjalan perlahan sambil memaknai setiap pengalaman dalam perjalanan hidup kita. Pada akhirnya, pencapaian terbesar kita adalah hidup itu sendiri dan bagaimana cara kita memaknainya.",2025,108,"3,4",Inspiring,Heartwarming,Hopeful,covers/semoga_kamu_bisa_tersenyum_hari_ini.jpg
234,The Mountain Is You,Self Improvement,Brianna Wiest,"Buku The Mountain Is You karya Brianna Wiest membahas tentang sabotase diri, yaitu perilaku ketika seseorang secara sadar atau tidak sadar melakukan hal-hal yang menghambatnya untuk mencapai tujuan. Brianna Wiest menjelaskan bahwa sabotase diri adalah masalah yang umum dialami oleh banyak orang, dan dapat disebabkan oleh berbagai faktor, seperti ketakutan, ketidakpercayaan diri, dan trauma masa lalu.
Buku ini terdiri atas empat bagian. Bagian pertama membahas tentang apa itu sabotase diri dan mengapa kita melakukannya. Bagian kedua membahas tentang berbagai bentuk sabotase diri. Bagian ketiga membahas tentang bagaimana cara mengatasi sabotase diri. Bagian keempat membahas tentang bagaimana cara membangun diri yang tangguh.
Buku The Mountain Is You adalah buku yang bermanfaat untuk siapa saja yang ingin memahami dan mengatasi sabotase diri. ",2023,280,04.03,Inspiring,Reflective,Hopeful,covers/the_mountain_is_you.jpg
235,Berdamai Dengan Rasa Malas,Self Improvement,Munita Yeni,"Krisis jati diri, peer pressure, membanding-bandingkan diri dengan orang lain yang tak berkesudahan, terus-menerus terbawa trend dan hidup konsumtif tanpa kendala, takut ketinggalan zaman dan merasa tidak berguna. Kamu sudah mengalaminya? Banyak yang tidak menyadari bahwa konflik batin adalah permasalahan vital yang sering terabaikan. Sejauh mana diri kita bisa menerima diri sendiri, maka sejauh itulah kita bisa berdamai dengan kenyataan. Orang-orang yang sudah berdamai dengan diri sendirilah yang mampu menjalani kehidupan yang penuh tuntutan ini dengan lebih tenang. Bukankah kamu ingin hidup dengan lebih tenang? Bukalah buku ini dan mulailah perjalanan itu. Agar hati dan pikiranmu damai. Agar jiwa dan mentalmu kuat. Agar batin dan rasamu tentram. Hanya kamu yang bisa mengubah hidup dan masa depanmu menjadi lebih damai. ",2023,156,"3,83",Inspiring,Reflective,Hopeful,covers/berdamai_dengan_rasa_malas.jpg
236,STFU : Kemampuan untuk Tutup Mulut adalah Kekuatan Besar Saat Seisi Dunia Tidak Berhenti Berbicara,Self Improvement,Dan Lyons,"Dunia kita telah menjadi sangat bising, dan semakin bising lagi dengan kehadiran berbagai perangkat, atau ""terobosan-terobosan"" media sosial dan internet. Kebisingan itu telah melatih kita untuk berasumsi bahwa yang paling banyak bicara dialah yang menang, padahal faktanya mereka yang mampu tetap tenang, dialah yang paling hebat. STFU adalah buku yang membuka rahasia kehebatan itu dan akan mengubah hidup Anda, memerdekakan Anda untuk tetap berfokus pada apa yang penting. Dan Lyons mengkombinasikan ilmu perilaku (behavioral science) dengan berbagai perangkat praktis tentang cara berkomunikasi yang terarah, berpikir kiritis, dan membuka pikiran dan telinga pada dunia di sekitar Anda. Talk less, get more. Itulah garis besar dari STFU. Dengan buku ini, jadilah versi diri Anda yang lebih baik, entah di kantor, rumah, atau dunia maya. Because, after all, what you say is who you are.",2024,290,"3,71",Inspiring,Reflective,Hopeful,covers/stfu.jpg
237,12 Laws of Life: 12 Hukum Abadi Kehidupan,Self Improvement,Manhardeep Singh,"12 Hukum Kehidupan (12 Laws of Life) adalah prinsip-prinsip universal yang tak terlihat, tanpa batas, dan abadi, yang mengatur kehidupan di semua tingkatan. 12 hukum ini meliputi: Hukum Kenetralan, Hukum Kesepakatan, Hukum Pelajaran, Hukum Sebab-Akibat, Hukum Keseimbangan, Hukum Tarik-Menarik, Hukum Koneksi, Hukum Ekspansi, Hukum Perkembangan, Hukum Pemberdayaan, Hukum Seluruh Kemungkinan, dan Hukum Cinta. 12 hukum ini menunjukkan bagaimana Anda bisa sampai di tempat Anda sekarang, bagaimana Anda bisa mempercayai kehidupan, dan bagaimana Anda bisa mengalir menuju tempat yang Anda inginkan. 12 hukum ini memberikan panduan untuk menjalani kehidupan yang terbaik. Ringkas, lugas, dan mudah dipraktikkan, buku ini membantu Anda: - Mengalami transformasi di setiap aspek kehidupan - Menciptakan banyak hal yang tak terpikirkan sebelumnya - Memahami kekuatan-kekuatan tak terlihat yang mempengaruhi Anda - Mengubah paradigma tentang berbagai peristiwa pahit dalam hidup - Menikmati momen-momen kebahagiaan sepenuhnya",2025,88,"4,31",Reflective,Hopeful,Inspiring,covers/12_hukum_abadi_kehidupan.jpg
238,Re-Make : Saatnya Menata Ulang Diri,Self Improvement,Bagas Rais,"Hidup kita selalu saja dipenuhi tentang orang lain. Dari bangun tidur, kemudian tangan menggapai ponsel. Tanpa terasa jari mulai scrolling beranda media sosial dan melihat kehidupan orang lain. Dari membuka status WhatsApp, beranda Facebook atau Instagram, dan video YouTube Short. Padahal, hari baru saja dimulai, tapi kita sudah mempersilahkan kecemasan dan rasa minder memenuhi pikiran sepanjang hari. Lalu, timbul perasaan tidak berguna, merasa diri belum punya pencapaian yang dapat membanggakan, dan semakin merasa diri paling sengsara. Nyatanya, kita melihat kehidupan mereka hanya dari layar ponsel. Betapa pekerjaan mereka yang terlihat menyenangkan dan menjanjikan membuat kita membayangkan dapat berada di posisi yang sama. Mereka bekerja dan kapan saja pergi berekreasi, mereka bisa berfoto di restoran estetis dengan latar belakang laut yang indah, mereview kamar hotel yang instagramable, dan sebagainya. Alih-alih ingin mengumpulkan nyawa setelah bangun tidur, tanpa terasa kita sudah menghabiskan waktu pagi yang begitu berharga untuk orang lain. Untuk orang yang bahkan tidak mengenal kita dan-sebenarnya-hanya kita yang semakin mengenalnya. Sayangnya, hal tersebut membuat kita justru tidak mengenal diri sendiri. Perasaan sakit hati yang kita rasakan seolah-olah semua datang dari orang lain. Mereka mungkin hanya menyayat satu kali namun kita yang membuatnya terasa lebih sakit seperti seratus kali sayatan. begitulah kehidupan kita, selalu dihabiskan untuk memperhatikan, menyalahkan, dan membandingkan diri dengan pencapaian orang lain. Kita terjerumus dalam sikap tidak bersyukur yang menyebabkan kecewa dan sakit hati. Namun, itu semua bisa diubah. Dimulai dengan melakukan perjalanan untuk mencapai tujuan. Aku menyebutnya sebagai Peta Perjalanan Menata Ulang Diri. Empat langkah penting yang membawa kita pada tujuan baik itu. Empat langkah yang sederhana namun belum tentu kita bisa melewatinya dengan mudah. Empat langkah yang membawa pada makna berarti di balik susah dan senangnya kehidupan.",2023,200,"4,43",Inspiring,Reflective,Hopeful,covers/saatnya_menata_ulang_diri.jpg
239,"Tetap Bahagia Meski Hidup Tidak Baik-Baik Saja, Art of Happiness Made in Indonesia",Self Improvement,Setyo Hajar Dewantoro,"Apa sebenarnya rahasia kebahagiaan sejati? Mengapa begitu banyak orang yang mengejar sukses, uang, dan status, namun tetap merasa hampa? Dalam kehidupan modern, kebahagiaan sering disamakan dengan kesenangan yang bersifat sementara. Tetapi benarkah ketiga hal itu menjadi tujuan hidup? Buku ini menggugah pertanyaan mendasar tentang perbedaan antara kesenangan sementara dan kebahagiaan sejati, serta mengapa banyak orang terjebak dalam ilusi kesuksesan yang tidak pernah benar-benar memuaskan. Bagaimana jika kebahagiaan sejati sebenarnya tidak bergantung pada hal-hal di luar diri kita? Melalui pengalaman pribadi penulis, buku ini mengungkap bagaimana praktik meditasi dan mindfulness dapat membantu kita melampaui penderitaan dan menemukan kebahagiaan sejati yang terpancar dari dalam—kebahagiaan yang tidak terpengaruh oleh naik turunnya kehidupan. Apa yang perlu kita lakukan untuk benar-benar merasakan kebahagiaan, bahkan ketika hidup tidak berjalan sesuai harapan? Buku ini mengupas tuntas jawaban bagaimana mengatasi permasalahan hidup yang sering menjadi akar penderitaan, seperti asmara, rumah tangga yang pelik, kecabulan, kemiskinan, ambisi, kesombongan, hingga duka akibat kematian. Benarkah meditasi bisa mengubah nasib? Dalam buku ini, yang mengikuti perjalanan hidup penulis menemukan kebahagiaan sejati, Anda akan diajak memahami bagaimana meditasi membawa transformasi menyeluruh. Tanpa perlu mengejar sukses atau hanyut dalam obsesi, segala hal yang kita butuhkan untuk merealisasikan kualitas terbaik diri akan datang dengan sendirinya. Buku ini juga menjelaskan bagaimana keberlimpahan dan makna hidup terdalam berkaitan erat dengan spiritualitas dan mistisisme yang murni—sesuatu yang selama ini mungkin tidak dikenal banyak orang.",2024,334,"4,67",Reflective,Hopeful,Heartwarming,covers/tetap_bahagia_meski_hidup_tidak_baik_baik_saja.jpg
240,Berdamai Dengan Rasa Marah,Self Improvement,Era Findiani,"Ingin marah, marahlah. Marahlah secara bijak dan alami. Sebagai manusia normal, kita masih perlu marah dan mengekspresikan rasa marah itu. Marahlah jika diperlukan. Anda boleh marah jika dengan marah Anda bisa menegaskan kepada seseorang atas kesalahannya. Manusia merupakan makhluk sosial. Setiap manusia dalam menjalani siklus hidupnya pastilah melakukan interaksi atau menjalin hubungan dengan orang lain di sekitarnya, baik itu orang terdekat mereka ataupun orang asing yang hanya akan mereka temui sekali seumur hidup. Setiap interaksi yang dilakukan dengan orang lain pastilah tidak selalu berjalan dengan lancar atau hanya sekadar berjalan normal. Akan tetapi, terkadang ada beberapa faktor yang membuat interaksi yang dilakukan tidak berjalan seperti yang diharapkan. Hal inilah yang menjadi pemicu munculnya konflik dalam kehidupan sehari-hari. Kemudian jika konflik ini tidak segera ditangani akan memunculkan beberapa masalah lain, seperti mulai muncul rasa kecewa, sedih, tersakiti hingga berujung pada rasa marah. Ya, setiap orang sebaik apa pun pasti pernah merasa kecewa dan marah. Tunggu, jangan menganggap marah sebagai sebuah hal negatif atau buruk dulu, ya. Karena ada hal-hal istimewa yang tersembunyi dari perasaan “marah” itu sendiri. Marah bisa dinilai sebagai hal positif jika marah tersebut dilakukan dengan cara yang benar dan bijak, menggunakan kata-kata atau kalimat-kalimat yang baik pula. Akan tetapi, ketika amarah tersebut diekspresikan secara destruktif, yaitu dengan memaki, mengumpat, berkata-kata kotor, membanting barang, merusak barang atau memukul orang, maka rasa marah itu akan menjadi emosi negatif. Lepas kendali atas rasa marah diri-sendiri dapat memicu perasaan bingung, tidak berdaya, bahkan frustasi, stress atau depresi. Buku ini membimbing Anda untuk mengenal batas-batas itu.",2020,344,"3,2",Inspiring,Reflective,Hopeful,covers/berdamai_dengan_rasa_marah.jpg
241,Nanti Juga Terbiasa,Self Improvement,Helobagas,"Untuk kamu yang selalu merasa : Kesepian, sendirian, dan ditinggalkan. Beragam perasaan gak nyaman yang harus kamu lewati sendirian. Terima kasih sudah tetap “hidup” dan bertahan. Untuk kamu yang sering sendirian dan gak mudah bergaul, dapat teman yang baik tuh jadi berkat yang besar banget. Karena jarang sekali yang mau masuk ke hidup aku. Ya, dulu hidupku begitu sepi. Ketika ada satu orang yang pergi tuh rasanya sakit banget. Saat-saat seperti itu aku bisa ngerasa mendung, bahkan untuk waktu yang lama. Mungkin, mudah untuk mereka menggantikanku. Namun, gak akan pernah jadi mudah untuk aku menggantikan mereka. Karena beda saja rasanya. Aku bahkan bisa sampai terus menerus nyalahin diri sendiri hanya karena ada yang pergi. Tolong jangan ditiru, ya? Jangan. Karena sederhananya: ada yang datang, ada juga yang pergi. Dan akan selalu seperti itu fasenya. Setiap orang sudah punya timeline atau waktunya masing masing. Kita memang gak akan pernah tahu kapan mereka pergi, kapan kita akan ditinggalkan. Kalau memang sudah waktunya pelan-pelan kita ikhlaskan, ya? Memang gak mudah dan akan sangat berat. Namun, untuk terus-menerus hidup di hari kemarin juga bukan pilihan yang tepat. Kamu punya diri kamu, hidup kamu sendiri yang harus dilanjutkan. Biarkan mereka menjalankan tugasnya, kamu pun juga. Buku ini aku tulis untuk menemani kamu. Mungkin hari ini masih sakit, mungkin hari ini masih sesak dan kecewa. Tapi esok atau lusa, kamu akan terbiasa. Luka hari ini membentuk kamu, menjadi lebih kuat dan dewasa. Kamu hebat dan kamu lebih dari cukup.",2023,164,"3,69","Heartwarming
",Hopeful,Sad,covers/nanti_juga_terbiasa.jpg
242,Filosofi Teras,Self Improvement,Henry Menampiring,"Lebih dari 2000 tahun lalu, sebuah mazhab filsafat menemukan akar masalah dan juga solusi dari banyak emosi negatif. Stoisisme, atau Filosofi Teras, adalah filsafat Yunani-Romawi kuno yang bisa membantu kita mengatasi emosi negatif dan menghasilkan mental yang tangguh dalam menghadapi naik-turun nya kehidupan.
Jauh dari kesan filsafat sebagai topik berat dan mengawang-awang, Filosofi Teras justru bersifat praktis dan relevan dengan kehidupan Generasi Milenial dan Gen-Z masa kini.",2023,298,"4,47",Reflective,Inspiring,Hopeful,covers/filosofi_teras.jpg
243,Becoming High Value Woman,Self Improvement,Meisya Sallwa,"Becoming High Value Woman : Tentang Perempuan yang menjadi tuan atas dirinya sendiri High Value Woman tidak pernah memulai persaingan, tetapi mereka membangun sesama Perempuan untuk saling memberdayakan. Kemampuan untuk mengubah ketidakberdayaan menjadi kekuatan yang dipegang dalam kehidupan. High Value Woman memberikan daya dan kepercayaan kepada dirinya lewat afirmasi dan bukan validasi, bahwa dirinya layak dan berhak atas hal yang ia lakukan. Menjadi Per(empu)an adalah tentang menjadi “Tuan” di atas pilihannya bukan di atas keharusannya. Pernahkah kamu menemukan perempuan dengan kualitas diri yang tinggi, pengetahuan yang luas, intelektual dan menginspirasi banyak orang? Namun kadang kala semua hal-hal baik yang dimilikinya akan sirna begitu saja jikalau tak terbekali pengetahuan menjadi high value woman. Garis besar menjadi high value woman yakni bagaimana positioning (penempatan diri), choices (pilihan), tindakan serta aksi yang mampu menjadi prinsip diri. Jangan sampai menyakiti hati perempuan lain tetapi juga tak menindas diri sendiri.",2023,200,"3,14",Inspiring,Hopeful,Heartwarming,covers/becoming_high_value_woman.jpg
244,Setumpuk Surel untuk Setitik Orang Dewasa,Self Improvement,Avia Maulidina,"Aku menulis 139 surel untuk orang-orang yang kukenal dan tidak kukenal. Persamaannya, kami sama-sama dewasa canggung. Dengan hanya setitik saja dari diri kami yang sudah menjadi dewasa betulan. Lewat surel, aku menyingkap tirai `kehidupanku-amat-sempurna` yang ditampilkan para dewasa muda di media sosial ... dan menemukan bahwa kita semua bergelut dengan hal-hal serupa. Jadi, kenapa tidak saling berpegangan dan menghadapi dunia orang dewasa bersama-sama?",2024,208,4,"Heartwarming
",Reflective,Hopeful,covers/setumpuk_surel_untuk_setitik_orang_dewasa.jpg
245,Mengapa Duniaku Begitu Berisik,Self Improvement,W. H. Mida,"Di bumi ini, seringkali kita terjebak dalam riuhnya pikiran dan beban berat yang menekan pundak. Bukan hanya berjuang memenuhi harapan diri sendiri, kita juga berusaha memenuhi ekspektasi yang menari-nari. Tak jarang, kecemasan mendekap kita hingga terasa menyesakkan. Selain itu, berjalannya waktu dunia membuat kita merasa kesepian di tengah keramaian. Nyatanya, beban berat yang seharusnya dipikul bersama justru diangkat sendirian. Namun, hidup bukanlah semata-mata tentang selalu membutuhkan orang lain. Dalam buku ini, aku harap kalian menemukan jalan keluar dari segala kerumitan yang tengah dihadapi. Semoga kita bisa bertemu keindahan dalam kesunyian dan belajar mengubah momen-momen sepi menjadi menyenangkan. Mari bersama-sama menjelajahi bagaimana kita bisa menemukan kedamaian dan kekuatan dalam diri sendiri, meskipun dunia di luar terasa menyeramkan.",2025,112,3,"Heartwarming
",Reflective,Hopeful,covers/mengapa_duniaku_begitu_berisik.jpg
246,The Life That's Waiting,Self Improvement,Brianna Wiest,"The Life That’s Waiting adalah buku yang menemani pembaca di saat-saat merasa lelah, ragu, dan kehilangan arah. Lewat tulisan yang reflektif, hangat, dan terasa sangat personal, Brianna Wiest mengajak kita melihat bahwa kebingungan, patah hati, dan jeda dalam hidup bukanlah kesalahan, melainkan bagian dari proses pulang ke diri sendiri. Buku ini membantu kita berhenti memaksakan hidup agar terlihat “baik-baik saja”, lalu mulai mendengarkan apa yang sebenarnya kita butuhkan dan inginkan. Tanpa menggurui atau menjanjikan solusi instan, The Life That’s Waiting membuka ruang untuk melepaskan ketakutan lama, menerima ketidakpastian, dan menyadari bahwa hidup yang paling selaras dengan diri kita mungkin sudah ada—diam-diam menunggu untuk kita jalani.",2026,220,"4,03",Heartwarming ,Reflective,Hopeful,covers/the_life_thats_waiting.jpg
247,How to Stop Breaking Your Own Heart,Self Improvement,Meggan Roxxane,"Bukan hanya dari orang lain, lukamu mungkin saja datang dari diri sendiri—ekspektasi yang berlebihan, perfeksionisme, dan kebiasaan menyalahkan diri sendiri. Kebanyakan orang cenderung memilih untuk tetap bertahan demi: hubungan baik dengan orang lain, membangun karier, serta terus-menerus sibuk dengan urusan sehari-hari yang tiada henti. Meggan Roxxane meluncurkan @thegoodquote di Instagram pada 2014 saat berjuang melawan depresi. Tak disangka, komunitas yang dibangunnya berkembang pesat dan menyentuh jutaan kehidupan di dunia. Perjalanannya untuk bangkit dicatat sebagai pengingat dan menjelma menjadi buku How to Stop Breaking Your Own Heart. Lewat tulisan yang jujur, buku ini siap memandumu untuk mengatasi pola pikir negatif, menetapkan batasan, dan membangun hidup yang kamu cintai. How to Stop Breaking Your Own Heart menjanjikan satu hal penting: kesadaran untuk berhenti berperang dengan diri sendiri. Dan ketika kamu mulai memperlakukan hatimu dengan lebih hormat, pertanyaan yang tersisa bukan lagi “Kenapa aku selalu terluka?” melainkan “Mengapa aku baru sekarang memilih diriku?” Ketika kamu menutup halaman terakhirnya, satu pertanyaan akan tertinggal di benakmu—jika selama ini kamu mampu bertahan sejauh ini, seperti apa hidupmu nanti ketika kamu akhirnya memilih untuk benar-benar menjaga hatimu?",2026,284,"3,68",Hearwarming ,Hopeful,Reflective,covers/how_to_stop_breaking_your_own_heart.jpg
248,Shaolin: Cara Menang Tanpa Bertarung,Self Improvement,Bernhard Moestl,"Kekuatan tangan kosong para biksu sebagai pendekar kungfu berhasil mematahkan batu bata dengan mudah. Namun sebenarnya, kekuatan tekad adalah penyebab batu bata itu terbelah. Bagaimana jika kemenangan sejati tidak lahir dari perlawanan, melainkan dari kejernihan batin? Selama hampir 15 abad, para biksu menyempurnakan seni kungfu. Siapa sangka, kungfu justru berakar pada penguasaan pikiran alih-alih perkelahian. Mereka mengembangkan cara berpikir yang membuat hidup tetap tenang di tengah tekanan. Penulis sekaligus peminat filsafat Asia kelahiran Austria, Bernhard Moestl, tinggal bersama para biksu di Tiongkok untuk mendalami kekuatan pikiran. Melalui pengalaman tersebut, Moestl menerjemahkan ajaran Shaolin menjadi strategi praktis yang dapat diterapkan dalam kehidupan sehari-hari. Bukan tentang bertarung, 13 prinsip hidup Shaolin bukan sekadar teori, justru menitikberatkan kemampuan menguasai diri yang dapat diterapkan siapapun, termasuk untuk mengambil keputusan dan merespons konflik.",2026,262,"3,5",Reflective,Inspiring,Hopeful,covers/cara_menang_tanpa_bertarung.jpg
249,Karakter 360,Self Improvement,Erbe Sentanu,"SADARlah bahwa di dalam diri kita terdapat piranti lunak yang memiliki kecerdasan super melampaui komputer tercanggih mana pun. Piranti lunak yang dapat membawa Anda dan kita semua menuju kebahagiaan sejati, sempurna, dan abadi. SADARIah, software itu bernama hati, nurani, dan jiwa. Kemauan Anda untuk membaca buku ini menjadi DASAR untuk memahami bagaimana piranti lunak tersebut bekerja. Dan, pemahaman tentang hal itu menjadi DASAR bagi Anda untuk mentransformasi diri menjadi manusia yang sempurna.",2026,268,"4,38",Reflective,Hopeful,Inspiring,covers/karakter_360.jpg
250,"Makanya, Mikir! Panduan Berpikir untuk Hidup Lebih Bahagia",Self Improvement,Abigail Limuria & Cania Citta,"Pernah nggak, kalian bilang ini ke diri sendiri pas bikin keputusan yang malah nambah masalah atau bikin hidup lebih ribet? Atau, mungkin itu terucap ke orang lain? Sering kali, masalah dan keribetan hidup itu disebabkan bukan karena orang jahat atau bencana besar, tapi karena kita sendiri atau orang lain di sekitar kita yang mikirnya kusut. Karena itu, mikir dengan benar jadi penting banget buat hidup yang lebih nyaman dan anti-ribet. Di buku ini, kami mengumpulkan berbagai kerangka berpikir beserta studi kasusnya yang secara personal sudah kami pakai dalam hidup dan sangat berguna bagi kami untuk menentukan tujuan hidup, menyusun argumen, mengatur prioritas, mengambil keputusan dalam karier dan hubungan, menimbang risiko, memilah pertemanan, dan banyak lagi! Buat kalian yang bingung, di persimpangan, mengalami turbulensi kehidupan, atau kepengin menambah referensi saja, buku ini ditulis untuk kalian!",2026,290,"4,41",Inspiring,Reflective,Hopeful,Hopeful